family,dimension,proxy,horizon_months,quaternary_state,causal_authority,policy_authority,status,reason,n,posterior_mean,ci80_low,ci80_high,ci95_low,ci95_high,p_positive,p_negative,condition_number
historical_credit_liquidity_analogue,Y,economic_activity,0,+0,False,False,ESTIMABLE_ANALOGUE,,101,0.24970481631302194,-0.3582579659237443,0.8576675985497884,-0.6849690388500054,1.1843786714760494,0.7012740978511355,0.2987259021488645,8.13988581250511e+16
historical_credit_liquidity_analogue,Y,economic_activity,1,+0,False,False,ESTIMABLE_ANALOGUE,,101,-0.656737459201297,-1.4038903332043233,0.09041541480172932,-1.805400300981272,0.4919253825786781,0.129774102550394,0.870225897449606,8.13988581250511e+16
historical_credit_liquidity_analogue,Y,economic_activity,3,+0,False,False,ESTIMABLE_ANALOGUE,,101,-0.9716318429246517,-1.8229037611105041,-0.12035992473879897,-2.280365911538957,0.33710222568965376,0.07200236554563111,0.9279976344543689,8.13988581250511e+16
historical_credit_liquidity_analogue,Y,economic_activity,6,+0,False,False,ESTIMABLE_ANALOGUE,,101,-1.231903027619247,-2.1758358065972425,-0.28797024864125176,-2.683092665077219,0.21928660983872472,0.04765812830926197,0.952341871690738,8.13988581250511e+16
historical_credit_liquidity_analogue,Y,economic_activity,12,+0,False,False,ESTIMABLE_ANALOGUE,,101,-0.34012608463060773,-1.3091153492061383,0.6288631799449231,-1.8298372281322912,1.1495850588710756,0.32585924931386445,0.6741407506861355,8.13988581250511e+16
historical_credit_liquidity_analogue,P,consumer_prices,0,+0,False,False,ESTIMABLE_ANALOGUE,,101,-0.7235493480371417,-0.9056807669009895,-0.5414179291732938,-1.0035557569648,-0.4435429391094834,6.78098481921019e-07,0.9999993219015181,1.2717931102831842e+17
historical_credit_liquidity_analogue,P,consumer_prices,1,+0,False,False,ESTIMABLE_ANALOGUE,,101,-1.2205672551048552,-1.618827831919964,-0.8223066782897464,-1.8328477426072323,-0.6082867676024782,6.994760632783592e-05,0.9999300523936722,1.2717931102831842e+17
historical_credit_liquidity_analogue,P,consumer_prices,3,+0,False,False,ESTIMABLE_ANALOGUE,,101,-1.21330949196397,-1.9962908811444173,-0.4303281027835225,-2.417054614080977,-0.009564369846962961,0.024119678929537702,0.9758803210704623,1.2717931102831842e+17
historical_credit_liquidity_analogue,P,consumer_prices,6,+0,False,False,ESTIMABLE_ANALOGUE,,101,-0.7212832981949884,-2.269706048357358,0.8271394519673814,-3.1018077375228734,1.6592411411328967,0.2746564077229069,0.7253435922770931,1.2717931102831842e+17
historical_credit_liquidity_analogue,P,consumer_prices,12,+0,False,False,ESTIMABLE_ANALOGUE,,101,-0.9519627062501629,-4.152621295540875,2.24869588304055,-5.872612440279381,3.968687027779055,0.3510368391254872,0.6489631608745128,1.2717931102831842e+17
historical_credit_liquidity_analogue,E,registered_private_employment,0,0,False,False,NOT_ESTIMABLE,outcome_missing,0,,,,,,,,
historical_credit_liquidity_analogue,E,registered_private_employment,1,0,False,False,NOT_ESTIMABLE,outcome_missing,0,,,,,,,,
historical_credit_liquidity_analogue,E,registered_private_employment,3,0,False,False,NOT_ESTIMABLE,outcome_missing,0,,,,,,,,
historical_credit_liquidity_analogue,E,registered_private_employment,6,0,False,False,NOT_ESTIMABLE,outcome_missing,0,,,,,,,,
historical_credit_liquidity_analogue,E,registered_private_employment,12,0,False,False,NOT_ESTIMABLE,outcome_missing,0,,,,,,,,
historical_credit_liquidity_analogue,FX,nominal_exchange_rate,0,+0,False,False,ESTIMABLE_ANALOGUE,,101,-0.2660734586222064,-1.4388514736200995,0.9067045563756868,-2.069086703109976,1.5369397858655633,0.38520949501161716,0.6147905049883828,1.643650973052731e+17
historical_credit_liquidity_analogue,FX,nominal_exchange_rate,1,+0,False,False,ESTIMABLE_ANALOGUE,,101,-1.7859221758362143,-3.2781359178727016,-0.29370843379972644,-4.080031637381055,0.5081872857086265,0.06285511066651073,0.9371448893334893,1.643650973052731e+17
historical_credit_liquidity_analogue,FX,nominal_exchange_rate,3,+0,False,False,ESTIMABLE_ANALOGUE,,101,-0.41918385212351406,-2.328131363438641,1.4897636591916128,-3.353974240344872,2.5156065360978443,0.38879573286648217,0.6112042671335178,1.643650973052731e+17
historical_credit_liquidity_analogue,FX,nominal_exchange_rate,6,+0,False,False,ESTIMABLE_ANALOGUE,,101,0.8885280996861118,-1.7351237678744091,3.512179967246633,-3.1450392128331206,4.922095412205344,0.6684034579196831,0.33159654208031686,1.643650973052731e+17
historical_credit_liquidity_analogue,FX,nominal_exchange_rate,12,+0,False,False,ESTIMABLE_ANALOGUE,,101,0.6762072018347024,-3.335657465447257,4.688071869116663,-5.49157991362797,6.843994317297375,0.5858282103412458,0.41417178965875423,1.643650973052731e+17
historical_credit_liquidity_analogue,W,nominal_wage_index,0,0,False,False,NOT_ESTIMABLE,outcome_missing,0,,,,,,,,
historical_credit_liquidity_analogue,W,nominal_wage_index,1,0,False,False,NOT_ESTIMABLE,outcome_missing,0,,,,,,,,
historical_credit_liquidity_analogue,W,nominal_wage_index,3,0,False,False,NOT_ESTIMABLE,outcome_missing,0,,,,,,,,
historical_credit_liquidity_analogue,W,nominal_wage_index,6,0,False,False,NOT_ESTIMABLE,outcome_missing,0,,,,,,,,
historical_credit_liquidity_analogue,W,nominal_wage_index,12,0,False,False,NOT_ESTIMABLE,outcome_missing,0,,,,,,,,
