family,dimension,proxy,horizon_months,quaternary_state,status,reason,n,causal_authority,policy_authority
direct_M_C_effect,Y,economic_activity,0,0,NOT_ESTIMABLE,no_M_C_exposure_and_assignment_lineage,0,False,False
direct_M_C_effect,Y,economic_activity,1,0,NOT_ESTIMABLE,no_M_C_exposure_and_assignment_lineage,0,False,False
direct_M_C_effect,Y,economic_activity,3,0,NOT_ESTIMABLE,no_M_C_exposure_and_assignment_lineage,0,False,False
direct_M_C_effect,Y,economic_activity,6,0,NOT_ESTIMABLE,no_M_C_exposure_and_assignment_lineage,0,False,False
direct_M_C_effect,Y,economic_activity,12,0,NOT_ESTIMABLE,no_M_C_exposure_and_assignment_lineage,0,False,False
direct_M_C_effect,P,consumer_prices,0,0,NOT_ESTIMABLE,no_M_C_exposure_and_assignment_lineage,0,False,False
direct_M_C_effect,P,consumer_prices,1,0,NOT_ESTIMABLE,no_M_C_exposure_and_assignment_lineage,0,False,False
direct_M_C_effect,P,consumer_prices,3,0,NOT_ESTIMABLE,no_M_C_exposure_and_assignment_lineage,0,False,False
direct_M_C_effect,P,consumer_prices,6,0,NOT_ESTIMABLE,no_M_C_exposure_and_assignment_lineage,0,False,False
direct_M_C_effect,P,consumer_prices,12,0,NOT_ESTIMABLE,no_M_C_exposure_and_assignment_lineage,0,False,False
direct_M_C_effect,E,registered_private_employment,0,0,NOT_ESTIMABLE,no_M_C_exposure_and_assignment_lineage,0,False,False
direct_M_C_effect,E,registered_private_employment,1,0,NOT_ESTIMABLE,no_M_C_exposure_and_assignment_lineage,0,False,False
direct_M_C_effect,E,registered_private_employment,3,0,NOT_ESTIMABLE,no_M_C_exposure_and_assignment_lineage,0,False,False
direct_M_C_effect,E,registered_private_employment,6,0,NOT_ESTIMABLE,no_M_C_exposure_and_assignment_lineage,0,False,False
direct_M_C_effect,E,registered_private_employment,12,0,NOT_ESTIMABLE,no_M_C_exposure_and_assignment_lineage,0,False,False
direct_M_C_effect,FX,nominal_exchange_rate,0,0,NOT_ESTIMABLE,no_M_C_exposure_and_assignment_lineage,0,False,False
direct_M_C_effect,FX,nominal_exchange_rate,1,0,NOT_ESTIMABLE,no_M_C_exposure_and_assignment_lineage,0,False,False
direct_M_C_effect,FX,nominal_exchange_rate,3,0,NOT_ESTIMABLE,no_M_C_exposure_and_assignment_lineage,0,False,False
direct_M_C_effect,FX,nominal_exchange_rate,6,0,NOT_ESTIMABLE,no_M_C_exposure_and_assignment_lineage,0,False,False
direct_M_C_effect,FX,nominal_exchange_rate,12,0,NOT_ESTIMABLE,no_M_C_exposure_and_assignment_lineage,0,False,False
direct_M_C_effect,W,nominal_wage_index,0,0,NOT_ESTIMABLE,no_M_C_exposure_and_assignment_lineage,0,False,False
direct_M_C_effect,W,nominal_wage_index,1,0,NOT_ESTIMABLE,no_M_C_exposure_and_assignment_lineage,0,False,False
direct_M_C_effect,W,nominal_wage_index,3,0,NOT_ESTIMABLE,no_M_C_exposure_and_assignment_lineage,0,False,False
direct_M_C_effect,W,nominal_wage_index,6,0,NOT_ESTIMABLE,no_M_C_exposure_and_assignment_lineage,0,False,False
direct_M_C_effect,W,nominal_wage_index,12,0,NOT_ESTIMABLE,no_M_C_exposure_and_assignment_lineage,0,False,False
