date,ipc_index,emae_index,manufacturing_index,nominal_fx,itcrm,trade_balance,policy_rate,personal_loans,private_credit,international_reserves,sube_trips,credit_innovation_std
2016-01-01,,134.74645041349706,113.98246730208685,13.98,96.81814521927645,-249.0,31.508064516129032,163674.0,806685.0,30074.0,,
2016-02-01,,134.2323610386252,114.21741446409996,15.7,107.63121369702236,46.0,30.591379310344823,166261.0,819359.0,28399.0,,
2016-03-01,,150.0878942366954,130.5127723596349,14.8,101.75083247402036,-130.0,37.553225806451614,170539.0,823609.0,29572.0,,
2016-04-01,,153.25067436662908,129.69255854445325,14.5,95.34178988219308,320.0,38.0,174040.0,841716.0,34380.0,,
2016-05-01,,163.51360808690507,132.09436471917738,14.2,87.89586884870755,503.0,36.91935483870968,177472.0,863404.0,30171.0,,
2016-06-01,,153.66209524099784,125.65678605027952,15.2,94.95222550064588,259.0,32.675,180218.0,889844.0,30507.0,,
2016-07-01,,143.73110098180126,127.0569761707612,15.2,93.24368411177184,278.0,30.330645161290324,184417.0,899956.0,32511.0,,
2016-08-01,,143.6741026486049,132.71595468858487,15.1,92.69925286485068,595.0,29.451612903225808,190569.0,918762.0,31150.0,,
2016-09-01,,142.00773744282046,135.53528819168034,15.5,94.00965541316415,242.0,27.4,198332.0,947264.0,29902.0,,
2016-10-01,,141.1368632980814,134.50620999950286,15.4,90.48314576534284,-54.0,26.75,205390.0,978659.0,37210.0,,
2016-11-01,,144.93832064073018,138.35935223235452,16.1,90.10033729511689,125.0,25.98333333333333,214586.0,1016844.0,37378.0,,
2016-12-01,100.0,142.59014516031914,130.23504419549147,16.1,90.2894888767258,33.0,24.75,221358.0,1060619.0,39308.0,,
2017-01-01,101.5859,136.63265948316212,112.79767423117862,16.1,90.90274101939568,-53.0,24.75,230004.0,1084005.0,46887.0,,
2017-02-01,103.6859,132.15851633982274,106.79708555073152,15.7,87.43609167611272,-218.0,24.75,237904.0,1100301.0,50608.0,,
2017-03-01,106.1476,152.6209585590573,130.7408598665095,15.55,84.99272854579972,-911.0,24.75,249809.0,1120229.0,50522.0,,-0.7582209748199283
2017-04-01,108.9667,151.94634480448738,122.7044995649865,15.6,82.91311667374498,-106.0,25.7,259517.0,1148249.0,48217.0,,-0.5313073961354786
2017-05-01,110.5301,168.3892094693678,133.95855966649935,16.3,85.85722543566642,-571.0,26.25,269832.0,1194513.0,46146.0,,0.4466584295541073
2017-06-01,111.8477,161.03568546945232,141.51558563667277,16.8,87.57133239127667,-746.0,26.25,277470.0,1250819.0,47995.0,,0.7383273576564611
2017-07-01,113.7852,150.30605012392,134.67139265887818,17.85,94.17827071155956,-745.0,26.25,285724.0,1312185.0,47014.0,,0.2932336776120354
2017-08-01,115.3819,149.2553427738411,142.00931325781906,17.5,91.84099117985772,-1052.0,26.25,298004.0,1359435.0,48877.0,,0.10366292381600613
2017-09-01,117.5719,146.38655965775385,138.0437427436166,17.5,89.45191066095683,-698.0,26.25,311322.0,1411321.0,50237.0,,-0.299826482423197
2017-10-01,119.3528,149.38594966601454,143.00063056651837,17.85,88.56329560861359,-927.0,26.58870967741936,327323.0,1473795.0,51810.0,,0.1895344061213887
2017-11-01,120.994,151.92604285202697,145.22419444334022,17.5,86.17746498546327,-1494.0,28.516666666666666,342292.0,1533429.0,54563.0,,0.12975416494489053
2017-12-01,124.7956,146.7833849092245,132.85984722356457,18.649,90.70377485264405,-787.0,28.75,351780.0,1612105.0,55055.0,,-0.3173366491220048
2018-01-01,126.9887,142.74091260617223,116.91612257988122,19.65,96.7930746875552,-933.0,28.024193548387096,365687.0,1673330.0,62024.0,,0.11418079393039474
2018-02-01,130.0606,138.81804035165743,112.84132048842773,20.11,96.29307238516238,-892.0,27.25,374300.0,1711967.0,61509.0,,-0.48660868976157023
2018-03-01,133.1054,155.85731953576973,133.2775281473699,20.149,93.4938010989314,-562.0,27.25,386514.0,1752688.0,61726.0,,-0.3414783495714119
2018-04-01,136.7512,151.52454398394343,126.92521259893212,20.535,91.23107747332854,-890.0,27.65,396055.0,1820676.0,56623.0,,-0.05307533959921124
2018-05-01,139.5893,159.5666923779167,132.8971186424711,24.96,105.072715670125,-1285.0,39.153225806451616,404890.0,1923816.0,50098.0,,0.6493504986836617
2018-06-01,144.8053,151.12576323345522,130.764322442843,28.85,115.44741165560028,-328.0,40.0,408335.0,2008648.0,61881.0,,0.713929676342867
2018-07-01,149.2966,145.9635244300046,126.69519913772083,27.41,107.85575807159567,-767.0,40.0,411685.0,1997151.0,57996.0,,-1.0168238092667268
2018-08-01,155.1034,146.76596003413968,135.05007757273418,36.85,135.27389049886912,-1112.0,44.03225806451613,419329.0,2188219.0,52658.0,,2.068687515035146
2018-09-01,165.2383,137.746569718648,122.10301610478808,41.25,142.6695088521001,337.0,60.5,421380.0,2229374.0,49003.0,,-0.998493481382184
2018-10-01,174.1473,142.8432759845676,132.12457232201723,35.95,118.988023815508,325.0,71.83500000000001,421297.0,2119585.0,53955.0,,-2.7645461674510035
2018-11-01,179.6388,140.59240732533567,125.61743186954745,37.72,120.58232880736284,987.0,64.19643333333333,422911.0,2150006.0,51193.0,,0.7043075166025438
2018-12-01,184.2552,136.25161596905636,112.98595128363004,37.7,117.68083698027432,1419.0,59.40835483870968,418763.0,2131923.0,65786.0,,-0.041089767254008806
2019-01-01,189.6101,134.5362398566958,104.68365673103013,37.35,116.13031073668772,373.0,57.578677419354825,418770.0,2113300.0,66811.0,,-0.39558282159295877
2019-02-01,196.7501,132.2678886127366,103.94713143270178,39.15,117.13447952001025,450.0,47.721964285714286,420190.0,2135070.0,68015.0,,-0.04102929337410889
2019-03-01,205.9571,144.96325495574916,114.97590965519208,43.345,122.17151676699078,1181.0,61.28735483870968,421593.0,2208474.0,66187.0,,0.2943134125121486
2019-04-01,212.9596414,149.9162214035227,115.9205402175479,44.15,120.36258908794734,1165.0,68.3167,422131.0,2230434.0,71663.0,,0.031390240698154624
2019-05-01,219.5691,164.1356990759204,124.19559094419756,44.76,117.72114685689084,1399.0,71.92412903225807,420338.0,2231925.0,64779.0,,-0.1752072663085476
2019-06-01,225.537,150.85897174113128,121.49948339487436,42.45,110.57542549337292,1068.0,66.75963333333335,415840.0,2207277.0,64278.0,,-0.19745180639354068
2019-07-01,230.494,146.77702964007034,124.97872152432208,43.87,112.31064775478808,951.0,59.55854838709677,410844.0,2254323.0,67899.0,,0.877220745347627
2019-08-01,239.6077,141.27693468084036,125.63402242055092,59.51,140.9477861383227,1168.0,71.09525806451613,409589.0,2501750.0,54100.0,,3.1171361584989277
2019-09-01,253.7102,134.87706647993653,115.98558605583622,57.595,128.25815616686606,1744.0,83.32889999999999,405467.0,2424866.0,48703.0,,-2.3207540980709447
2019-10-01,262.0661,141.6393366170138,129.67809693120154,59.67,130.94595066963151,1768.0,69.97106451612902,403945.0,2469007.0,43260.0,,1.0872981885090336
2019-11-01,273.2158,137.77182966933145,119.7182794912256,59.94,123.616726404487,2484.0,63.688866666666655,402292.0,2444975.0,43772.0,,-0.7823197581762397
2019-12-01,283.4442,135.76515452763502,114.1278913779461,59.89,123.03156129916934,2241.0,60.58077419354839,398579.0,2474444.0,44848.0,,0.25325957894937845
2020-01-01,289.8299,133.8910860895724,101.71476634222648,60.35,118.94364750684932,1044.0,51.903225806451616,400779.0,2444719.0,44917.0,,-0.5873846846230847
2020-02-01,295.666,128.97363874659823,102.30740993208126,62.21,118.31835504578696,1187.0,45.172413793103445,404308.0,2458944.0,44791.0,,0.4589930934701942
2020-03-01,305.5515,128.21106074025667,98.9645496204614,64.469,111.75049144604532,1229.0,38.58064516129032,408028.0,2555281.0,43561.0,,0.8407642244232851
2020-04-01,310.1243,113.29503444580156,78.01561127096952,66.84,112.41815441659789,1455.0,38.0,400418.0,2640496.0,43568.0,,0.43915734879010876
2020-05-01,314.9087,131.02956919734916,93.1049961359768,68.54,113.85378278096942,1912.0,38.0,397821.0,2714302.0,42589.0,,0.26554438039479944
2020-06-01,321.9738,132.52196526648777,113.41104164907487,70.46,115.24473520152144,1487.0,38.0,397920.0,2771372.0,43242.0,,-0.25414051354585104
2020-07-01,328.2014,127.46368946979403,114.60883217305792,72.32,120.31738790487138,1480.0,38.0,400403.0,2820930.0,43386.0,,-0.0642986781485035
2020-08-01,337.0632,125.18389375984655,114.39875196317637,74.18,119.54716006153204,1447.0,38.0,405679.0,2897261.0,42842.0,,0.08435978004645221
2020-09-01,346.6207,127.17507609335286,119.2529194675179,76.18,117.71893158474096,598.0,38.0,413217.0,2932031.0,41379.0,,-0.7102666724206929
2020-10-01,359.657,131.34550189452798,127.43488896230404,78.32,116.3231279978536,670.0,37.0,425883.0,3034812.0,39856.0,,0.12267442189481591
2020-11-01,371.0211,132.0686552529967,124.64921285715296,81.31,120.71991996624013,385.0,36.93333333333333,436236.0,3116000.0,38652.0,,-0.40932246269351985
2020-12-01,385.8826,133.85436559460618,118.550579057643,84.15,123.94571721628895,-364.0,38.0,443879.0,3224193.0,39387.0,,-0.22720526198071506
2021-01-01,401.5071,131.52153739731895,106.25917619020568,87.33,121.88228729110328,1068.0,38.0,453937.0,3266333.0,39515.0,,-1.1857528532451562
2021-02-01,415.8595,126.2392669683642,103.45540009199156,89.82,121.0317832406944,1062.0,38.0,467959.0,3312440.0,39518.0,,-0.49573122473050574
2021-03-01,435.8657,145.9569001036472,129.5237310980323,92.0,116.8179208691799,400.0,38.0,488078.0,3363643.0,39593.0,,-0.9198624733349033
2021-04-01,453.6503,147.2808440187596,123.3167253252968,93.56,116.85603554524118,1470.0,38.0,504177.0,3420541.0,40263.0,,-0.6711860212840928
2021-05-01,468.725,151.16932233874826,122.08775205075086,94.56,117.28859654492432,1672.0,38.0,515601.0,3500300.0,41872.0,,-0.21752221198434848
2021-06-01,483.6049,148.97961710841247,133.05255246432318,95.72,115.70239634540324,1101.0,38.0,524531.0,3601249.0,42437.0,,-0.1741901159513392
2021-07-01,498.0987,142.42591306035814,129.64688192270165,96.69,113.20340648025145,1537.0,38.0,535442.0,3674200.0,42582.0,,-0.5681201594266924
2021-08-01,510.3942,140.97494072777735,130.63503370176736,97.74,112.36645426469924,2345.0,38.0,556609.0,3782273.0,46180.0,,0.10553107307839515
2021-09-01,528.4968,141.29608909028414,131.99133095649626,98.74,107.07145366872068,1684.0,38.0,584175.0,3944212.0,42911.0,,0.022286737001472157
2021-10-01,547.0802,139.5147586996789,133.67928908098193,99.72,104.01018308380362,1616.0,38.0,617294.0,4110991.0,42817.0,,-0.2997271404444896
2021-11-01,560.9184,143.7518776188886,137.74105366831273,100.96,102.7568218690318,424.0,38.0,651163.0,4376257.0,41530.0,,0.8528250078231594
2021-12-01,582.4575,147.2298783181341,131.04457073314543,102.72,101.81803111385156,371.0,38.0,674962.0,4549477.0,39662.0,,-0.9621714099549675
2022-01-01,605.0317,139.63796161228177,105.56566239630448,105.02,102.11415941395197,297.0,39.67741935483871,696086.0,4604606.0,37589.0,,-1.5045720091247854
2022-02-01,633.4341,137.8495135250759,114.31190346263938,107.45,102.10670841124066,818.0,41.07142857142857,725030.0,4736523.0,37018.0,,-0.4314923138885653
2022-03-01,676.0566,153.93085079425236,134.5108294690881,111.01,102.0247417455826,271.0,43.14516129032258,759972.0,4949022.0,43137.0,,-0.7950169041194328
2022-04-01,716.9399,157.66169217344412,129.12816730822004,115.31,97.1390574299148,1454.0,46.0,790939.0,5185438.0,42007.0,,-0.6788724122520061
2022-05-01,753.147,164.68936311408294,135.36644813388816,120.2,98.29949228736002,368.0,48.29032258064516,819626.0,5468423.0,41561.0,,-0.03099460406087555
2022-06-01,793.0278,161.45483428121688,141.3961244351732,125.23,94.43699770040432,-231.0,50.5,846130.0,5847971.0,42787.0,,0.30695961609142974
2022-07-01,851.761,152.4453874358736,137.47421249955016,131.27,92.0263909860791,-484.0,53.03225806451613,879610.0,6143460.0,38232.0,,-1.4007251656645703
2022-08-01,911.1316,151.4657389160671,141.53560993284836,138.73,90.3990871633209,-296.0,66.43548387096774,915286.0,6307452.0,36734.0,,-1.6317710693136116
2022-09-01,967.3076,149.1743497052638,137.27774266095517,147.32,87.79214750947735,381.0,72.43333333333334,954771.0,6496226.0,37625.0,,-0.2619168614223114
2022-10-01,1028.706,146.55439616164583,138.3119723681216,156.91,88.7083873984422,1883.0,75.0,990008.0,6829425.0,38676.0,,0.5956408679172455
2022-11-01,1079.2787,148.03049492950063,139.74501413046593,167.28,91.48601137270003,1360.0,75.0,1037558.0,7202704.0,38009.0,,0.8314614607019717
2022-12-01,1134.5875,146.1808063380422,129.31124178982475,177.16,93.93953411428966,1102.0,75.0,1064598.0,7513551.0,44598.0,,0.21456069976274766
2023-01-01,1202.979,143.03462349513617,113.63935094784206,187.0,96.21808625218388,-442.65037138000025,75.0,1123881.0,7796948.0,41417.0,,-0.157191917553678
2023-02-01,1282.7091,137.26646276487486,112.32182639174056,197.15,94.02410805403906,210.59857897999973,75.0,1177818.0,8171675.0,38709.0,,0.13877153591958294
2023-03-01,1381.1601,155.06501366861548,139.01778213551626,209.01,94.21539247402136,-1111.03221062,76.54838709677419,1260252.0,8809494.0,39060.0,,0.6527199665691834
2023-04-01,1497.2147,150.05952685006818,130.73051151922354,222.68,93.42623417994548,-192.9935071,80.43333333333334,1338566.0,9752640.0,35001.0,,0.8539419265637105
2023-05-01,1613.5895,153.81085419210677,134.75208504224818,239.5,91.73198836385772,-1124.04429049,94.29032258064515,1389987.0,10347123.0,33001.0,,-1.0121092333297135
2023-06-01,1709.6115,152.59547604977195,134.0229857410745,256.7,94.75482779031807,-1832.73689149,97.0,1414515.0,11052367.0,27926.0,,1.126800669861025
2023-07-01,1818.0838,150.20312548725906,133.66534940624396,275.25,96.94071402628298,-700.33999356,97.0,1459463.0,11768153.0,24092.0,,0.8481684050511552
2023-08-01,2044.2832,151.92217936030693,137.53861958604352,350.0,107.90619275293749,-974.3922908100004,109.19354838709675,1537140.0,13041151.0,27818.0,,0.2643039868618683
2023-09-01,2304.9242,148.41237963226115,133.0817362197774,349.9501,94.009505292337,-774.4389182599998,118.0,1692259.0,13940006.0,26925.0,,-0.4753247880237015
2023-10-01,2496.273,147.5138130298927,136.52023750744823,350.0,86.20601793077589,-442.40832169999976,127.6774193548387,1818276.0,15694828.0,22559.0,,2.2963648685526765
2023-11-01,2816.0628,146.36635231698688,132.74506100473502,360.5,80.29639672030945,-558.6996693600004,133.0,1907272.0,16762155.0,21513.0,,-2.0395209082646164
2023-12-01,3533.1922,139.34262727225266,113.4762678232666,828.25,145.70371210138555,1018.0371025699995,118.09677419354838,1964317.0,18719443.0,23073.0,,-3.0957642775784637
2024-01-01,4261.5324,137.3733513104446,100.69247142747804,845.5,122.12268208540588,808.3693026199999,100.0,2099105.0,20148810.0,27642.0,307858364.0,1.8012762528855806
2024-02-01,4825.7881,133.4645058563633,102.7149443040614,861.0,110.59169093347444,1432.09472723,100.0,2300786.0,21691246.0,26690.0,280818381.0,-1.1133804541522165
2024-03-01,5357.0929,142.39572370020173,111.1151899408215,876.0,101.18373569592404,2160.37502213,87.09677419354838,2495273.0,23912465.0,27127.0,336390154.0,0.4271854757345347
2024-04-01,5830.2271,147.25689959009534,109.8170080844722,896.0,93.54266161784264,1806.76967506,71.33333333333333,2833902.0,26326258.0,27578.0,349483764.0,0.09539551378073766
2024-05-01,6073.7,156.76909868641758,114.79932938840268,914.0,92.159827302059,2654.41649605,44.516129032258064,3477557.0,30013036.0,28664.0,365349526.0,2.5977047436070624
2024-06-01,6351.7145,147.35712222707485,107.48906171550335,930.5,87.76026368872024,1879.7824356,40.0,4067352.0,34386378.0,29022.0,333531205.0,1.141317772739125
2024-07-01,6607.7479,149.65170273202926,126.19668795713169,951.5,86.75306686978175,1458.7371872699996,40.0,4988123.0,39282429.0,26402.0,351676034.0,0.7847567480208534
2024-08-01,6883.4412,147.28124857343758,128.7014303345424,972.0,86.30678631631883,1874.8443753600004,40.0,6005758.0,43819005.0,26719.0,373945010.0,-0.0757474219090223
2024-09-01,7122.2421,144.79669869183633,124.8013663306414,990.0,85.89477510137439,981.92177394,40.0,7071385.0,48651212.0,27172.0,368348487.0,0.5068656981317061
2024-10-01,7313.9542,148.10394119484172,134.33710123003507,1011.5,82.90378987439709,911.7861956099996,40.0,8128712.0,53991490.0,28618.0,377762029.0,0.9174073512810671
2024-11-01,7491.4314,148.1787292147409,130.81905949069474,1031.0,80.59884101122285,1276.9301323500003,35.0,9148648.0,58428456.0,30214.0,361743062.0,0.08788480900557614
2024-12-01,7694.0075,148.67761603839233,122.40586211001634,1052.5,79.14809493645073,1681.6078296299993,32.483870967741936,10102898.0,65165692.0,29640.0,328481442.0,1.5058844475848716
2025-01-01,7864.1257,146.49668268147974,106.91362417711214,1073.5,80.89936288903846,162.09788067000045,31.90322580645161,11382275.0,69805089.0,28310.0,270681840.0,-0.4593202566365453
2025-02-01,8052.9927,141.40461912850864,107.90734540885772,1084.25,80.39242217906815,275.4164964599995,29.0,12535810.0,74301547.0,28117.0,270547148.0,0.0034248490719020496
2025-03-01,8353.3158,150.61008581723874,115.94489567750328,1093.5,79.65179070469247,623.4989976000006,29.0,13744488.0,79334653.0,24986.0,328891466.0,-0.2584943774716412
2025-04-01,8585.6078,158.93908938324,118.8762451656828,1190.0,85.831419134852,214.37149503,29.0,14861044.0,85139125.0,38928.0,347072568.0,0.23195911170934913
2025-05-01,8714.4871,165.07455518205356,121.16045245726588,1200.0,86.06238268398553,607.2129703500004,29.0,15772636.0,90179570.0,36919.0,340612758.0,0.6631451853734489
2025-06-01,8855.5681,156.7892018243336,116.40672332781403,1215.0,88.48122322849818,879.3505254299998,29.0,16313642.0,95303906.0,39973.0,328219376.0,0.22081059162701935
2025-07-01,9023.973,153.77116990425543,124.8529081077739,1380.0,97.7403687117073,906.8840177600003,,17041767.0,101722067.0,38866.0,332078104.0,0.5711551030948074
2025-08-01,9193.2441,150.37619425875818,122.72490215930046,1360.0,95.6160900899166,1440.2915410300002,,17778813.0,104248773.0,39986.0,343919977.0,
2025-09-01,9384.0922,151.70419952434997,123.86535162331408,1400.0,96.71871742909784,937.0487097599998,,18146934.0,107699849.0,40374.0,355647256.0,
2025-10-01,9603.8623,152.83405327528675,130.39940098937294,1475.0,97.98699632225748,812.6636486799998,,18560596.0,110937860.0,39382.0,364878050.0,
2025-11-01,9841.3581,147.96987570063345,120.13921727152892,1475.0,96.4956018727865,2534.73886719,,18886413.0,113900607.0,40335.0,324748659.0,
2025-12-01,10121.3715,153.85227192618612,117.31991366603664,1480.0,94.34456274608344,1926.50243673,,19139016.0,118128504.0,41095.0,302848382.0,
2026-01-01,10413.0309,149.48602043206023,104.2006660617906,1465.0,,2188.6258902100008,,19696245.0,120509535.0,44503.0,248243897.0,
2026-02-01,10714.6255,139.34303476491058,98.61520857107608,1420.0,,796.7651359800002,,20088571.0,121479041.0,45566.0,233112334.0,
2026-03-01,11077.0608,160.23744803364747,121.93898700063951,1405.0,,2581.1898481199987,,20526906.0,124985088.0,42052.0,317699955.0,
2026-04-01,11363.0904,162.3029965582245,115.7820705778394,1415.0,,2712.7966595000007,,20848653.0,128467313.0,44516.0,318488985.0,
2026-05-01,11607.3937,166.26832998733488,114.3661288204209,1430.0,,3449.793921749999,,21035056.0,132039614.0,48193.0,312197279.0,
2026-06-01,11826.4103,161.7041890303425,118.69578965569492,1500.0,,2235.18818331,,21099132.0,138798925.0,44870.0,317105211.0,
2026-07-01,12076.3937,151.5541509337364,119.13441155019324,1510.0,,2098.12808664,,21490473.0,141500629.0,47599.0,277078053.0,
2026-08-01,12276.766,,,1530.0,,2186.5908549099995,,21732009.0,,48259.0,306173492.0,
2026-09-01,,,,,,,,22025267.0,,48928.0,252959255.0,
