date,sube_trips
2024-01-01,307858364
2024-02-01,280818381
2024-03-01,336390154
2024-04-01,349483764
2024-05-01,365349526
2024-06-01,333531205
2024-07-01,351676034
2024-08-01,373945010
2024-09-01,368348487
2024-10-01,377762029
2024-11-01,361743062
2024-12-01,328481442
2025-01-01,270681840
2025-02-01,270547148
2025-03-01,328891466
2025-04-01,347072568
2025-05-01,340612758
2025-06-01,328219376
2025-07-01,332078104
2025-08-01,343919977
2025-09-01,355647256
2025-10-01,364878050
2025-11-01,324748659
2025-12-01,302848382
2026-01-01,248243897
2026-02-01,233112334
2026-03-01,317699955
2026-04-01,318488985
2026-05-01,312197279
2026-06-01,317105211
2026-07-01,277078053
2026-08-01,306173492
2026-09-01,252959255
