month,province,mode,amba,trips
2024-01-01,BUENOS AIRES,COLECTIVO,NO,10170775
2024-01-01,BUENOS AIRES,COLECTIVO,SI,108605675
2024-01-01,BUENOS AIRES,LANCHAS,NO,35452
2024-01-01,CATAMARCA,COLECTIVO,NO,953443
2024-01-01,CHACO,COLECTIVO,NO,1930683
2024-01-01,CHUBUT,COLECTIVO,NO,1676823
2024-01-01,CORDOBA,COLECTIVO,NO,76550
2024-01-01,CORRIENTES,COLECTIVO,NO,1563915
2024-01-01,ENTRE RÍOS,COLECTIVO,NO,1935482
2024-01-01,FORMOSA,COLECTIVO,NO,549865
2024-01-01,JN,COLECTIVO,NO,1274045
2024-01-01,JN,COLECTIVO,SI,97573668
2024-01-01,JN,TREN,NO,27866
2024-01-01,JN,TREN,SI,27135001
2024-01-01,JUJUY,COLECTIVO,NO,3578389
2024-01-01,LA PAMPA,COLECTIVO,NO,170928
2024-01-01,MENDOZA,COLECTIVO,NO,14534907
2024-01-01,NEUQUÉN,COLECTIVO,NO,1969025
2024-01-01,RÍO NEGRO,COLECTIVO,NO,1381708
2024-01-01,SAN JUAN,COLECTIVO,NO,5690841
2024-01-01,SAN LUIS,COLECTIVO,NO,1093172
2024-01-01,SANTA CRUZ,COLECTIVO,NO,155725
2024-01-01,SANTA FE,COLECTIVO,NO,11575549
2024-01-01,SANTIAGO DEL ESTERO,COLECTIVO,NO,24131
2024-01-01,TIERRA DEL FUEGO,COLECTIVO,NO,595982
2024-02-01,BUENOS AIRES,COLECTIVO,NO,10207981
2024-02-01,BUENOS AIRES,COLECTIVO,SI,96162885
2024-02-01,BUENOS AIRES,LANCHAS,NO,24740
2024-02-01,CATAMARCA,COLECTIVO,NO,955790
2024-02-01,CHACO,COLECTIVO,NO,1522559
2024-02-01,CHUBUT,COLECTIVO,NO,1694231
2024-02-01,CORDOBA,COLECTIVO,NO,171412
2024-02-01,CORRIENTES,COLECTIVO,NO,1500330
2024-02-01,ENTRE RÍOS,COLECTIVO,NO,1802470
2024-02-01,FORMOSA,COLECTIVO,NO,153191
2024-02-01,JN,COLECTIVO,NO,1292492
2024-02-01,JN,COLECTIVO,SI,88891685
2024-02-01,JN,TREN,NO,30614
2024-02-01,JN,TREN,SI,23297287
2024-02-01,JUJUY,COLECTIVO,NO,3094608
2024-02-01,LA PAMPA,COLECTIVO,NO,193588
2024-02-01,MENDOZA,COLECTIVO,NO,15438323
2024-02-01,NEUQUÉN,COLECTIVO,NO,2010761
2024-02-01,RÍO NEGRO,COLECTIVO,NO,1434081
2024-02-01,SAN JUAN,COLECTIVO,NO,5628905
2024-02-01,SAN LUIS,COLECTIVO,NO,1033674
2024-02-01,SANTA CRUZ,COLECTIVO,NO,169305
2024-02-01,SANTA FE,COLECTIVO,NO,11300991
2024-02-01,SANTIAGO DEL ESTERO,COLECTIVO,NO,17321
2024-02-01,TIERRA DEL FUEGO,COLECTIVO,NO,632748
2024-03-01,BUENOS AIRES,COLECTIVO,NO,10563661
2024-03-01,BUENOS AIRES,COLECTIVO,SI,117762408
2024-03-01,BUENOS AIRES,LANCHAS,NO,37828
2024-03-01,CATAMARCA,COLECTIVO,NO,1194448
2024-03-01,CHACO,COLECTIVO,NO,1632602
2024-03-01,CHUBUT,COLECTIVO,NO,2333557
2024-03-01,CORDOBA,COLECTIVO,NO,245669
2024-03-01,CORRIENTES,COLECTIVO,NO,1640547
2024-03-01,ENTRE RÍOS,COLECTIVO,NO,2321111
2024-03-01,FORMOSA,COLECTIVO,NO,222716
2024-03-01,JN,COLECTIVO,NO,1270108
2024-03-01,JN,COLECTIVO,SI,102681861
2024-03-01,JN,TREN,NO,37298
2024-03-01,JN,TREN,SI,27904219
2024-03-01,JUJUY,COLECTIVO,NO,4644699
2024-03-01,LA PAMPA,COLECTIVO,NO,303416
2024-03-01,MENDOZA,COLECTIVO,NO,19848552
2024-03-01,NEUQUÉN,COLECTIVO,NO,2467648
2024-03-01,RÍO NEGRO,COLECTIVO,NO,1333332
2024-03-01,SAN JUAN,COLECTIVO,NO,7373900
2024-03-01,SAN LUIS,COLECTIVO,NO,1218318
2024-03-01,SANTA CRUZ,COLECTIVO,NO,189078
2024-03-01,SANTA FE,COLECTIVO,NO,10034123
2024-03-01,SANTIAGO DEL ESTERO,COLECTIVO,NO,36657
2024-03-01,TIERRA DEL FUEGO,COLECTIVO,NO,610271
2024-04-01,BUENOS AIRES,COLECTIVO,NO,10971845
2024-04-01,BUENOS AIRES,COLECTIVO,SI,118170058
2024-04-01,BUENOS AIRES,LANCHAS,NO,33034
2024-04-01,CATAMARCA,COLECTIVO,NO,1505390
2024-04-01,CHACO,COLECTIVO,NO,1954389
2024-04-01,CHUBUT,COLECTIVO,NO,2433485
2024-04-01,CORDOBA,COLECTIVO,NO,188450
2024-04-01,CORRIENTES,COLECTIVO,NO,2314455
2024-04-01,ENTRE RÍOS,COLECTIVO,NO,1965271
2024-04-01,JN,COLECTIVO,NO,1494136
2024-04-01,JN,COLECTIVO,SI,104371286
2024-04-01,JN,TREN,NO,35916
2024-04-01,JN,TREN,SI,28981153
2024-04-01,JUJUY,COLECTIVO,NO,5057878
2024-04-01,LA PAMPA,COLECTIVO,NO,279610
2024-04-01,MENDOZA,COLECTIVO,NO,20120270
2024-04-01,NEUQUÉN,COLECTIVO,NO,2632863
2024-04-01,RÍO NEGRO,COLECTIVO,NO,1386428
2024-04-01,SAN JUAN,COLECTIVO,NO,7533497
2024-04-01,SAN LUIS,COLECTIVO,NO,1301082
2024-04-01,SANTA CRUZ,COLECTIVO,NO,197294
2024-04-01,SANTA FE,COLECTIVO,NO,14201983
2024-04-01,SANTIAGO DEL ESTERO,COLECTIVO,NO,40151
2024-04-01,TIERRA DEL FUEGO,COLECTIVO,NO,780604
2024-05-01,BUENOS AIRES,COLECTIVO,NO,11085975
2024-05-01,BUENOS AIRES,COLECTIVO,SI,128936969
2024-05-01,BUENOS AIRES,LANCHAS,NO,32749
2024-05-01,CATAMARCA,COLECTIVO,NO,1470544
2024-05-01,CHACO,COLECTIVO,NO,2022720
2024-05-01,CHUBUT,COLECTIVO,NO,2363391
2024-05-01,CORDOBA,COLECTIVO,NO,210898
2024-05-01,CORRIENTES,COLECTIVO,NO,2346844
2024-05-01,ENTRE RÍOS,COLECTIVO,NO,2562224
2024-05-01,JN,COLECTIVO,NO,1491968
2024-05-01,JN,COLECTIVO,SI,112655167
2024-05-01,JN,TREN,NO,34124
2024-05-01,JN,TREN,SI,27123494
2024-05-01,JUJUY,COLECTIVO,NO,5208011
2024-05-01,LA PAMPA,COLECTIVO,NO,297774
2024-05-01,MENDOZA,COLECTIVO,NO,18778056
2024-05-01,NEUQUÉN,COLECTIVO,NO,2780328
2024-05-01,RÍO NEGRO,COLECTIVO,NO,1242788
2024-05-01,SAN JUAN,COLECTIVO,NO,7806597
2024-05-01,SAN LUIS,COLECTIVO,NO,1274548
2024-05-01,SANTA CRUZ,COLECTIVO,NO,207718
2024-05-01,SANTA FE,COLECTIVO,NO,14859699
2024-05-01,SANTIAGO DEL ESTERO,COLECTIVO,NO,46406
2024-05-01,TIERRA DEL FUEGO,COLECTIVO,NO,820501
2024-06-01,BUENOS AIRES,COLECTIVO,NO,10013815
2024-06-01,BUENOS AIRES,COLECTIVO,SI,120176779
2024-06-01,BUENOS AIRES,LANCHAS,NO,33040
2024-06-01,CATAMARCA,COLECTIVO,NO,1296521
2024-06-01,CHACO,COLECTIVO,NO,2080967
2024-06-01,CHUBUT,COLECTIVO,NO,1926941
2024-06-01,CORDOBA,COLECTIVO,NO,183472
2024-06-01,CORRIENTES,COLECTIVO,NO,2236924
2024-06-01,ENTRE RÍOS,COLECTIVO,NO,2429707
2024-06-01,FORMOSA,COLECTIVO,NO,6235
2024-06-01,JN,COLECTIVO,NO,1351361
2024-06-01,JN,COLECTIVO,SI,104085321
2024-06-01,JN,TREN,NO,19014
2024-06-01,JN,TREN,SI,24432653
2024-06-01,JUJUY,COLECTIVO,NO,4966500
2024-06-01,LA PAMPA,COLECTIVO,NO,257449
2024-06-01,MENDOZA,COLECTIVO,NO,16865161
2024-06-01,NEUQUÉN,COLECTIVO,NO,2563642
2024-06-01,RÍO NEGRO,COLECTIVO,NO,1195017
2024-06-01,SAN JUAN,COLECTIVO,NO,6760473
2024-06-01,SAN LUIS,COLECTIVO,NO,1173750
2024-06-01,SANTA CRUZ,COLECTIVO,NO,180706
2024-06-01,SANTA FE,COLECTIVO,NO,13392718
2024-06-01,SANTIAGO DEL ESTERO,COLECTIVO,NO,43929
2024-06-01,TIERRA DEL FUEGO,COLECTIVO,NO,656164
2024-07-01,BUENOS AIRES,COLECTIVO,NO,10050427
2024-07-01,BUENOS AIRES,COLECTIVO,SI,124964971
2024-07-01,BUENOS AIRES,LANCHAS,NO,35884
2024-07-01,CATAMARCA,COLECTIVO,NO,1300602
2024-07-01,CHACO,COLECTIVO,NO,2019837
2024-07-01,CHUBUT,COLECTIVO,NO,2026570
2024-07-01,CORDOBA,COLECTIVO,NO,195025
2024-07-01,CORRIENTES,COLECTIVO,NO,1921347
2024-07-01,ENTRE RÍOS,COLECTIVO,NO,2295092
2024-07-01,FORMOSA,COLECTIVO,NO,263267
2024-07-01,JN,COLECTIVO,NO,1266081
2024-07-01,JN,COLECTIVO,SI,111244129
2024-07-01,JN,TREN,NO,32587
2024-07-01,JN,TREN,SI,27702477
2024-07-01,JUJUY,COLECTIVO,NO,4947846
2024-07-01,LA PAMPA,COLECTIVO,NO,236408
2024-07-01,MENDOZA,COLECTIVO,NO,17103302
2024-07-01,NEUQUÉN,COLECTIVO,NO,2640368
2024-07-01,RÍO NEGRO,COLECTIVO,NO,1385739
2024-07-01,SAN JUAN,COLECTIVO,NO,6812017
2024-07-01,SAN LUIS,COLECTIVO,NO,1148423
2024-07-01,SANTA CRUZ,COLECTIVO,NO,181178
2024-07-01,SANTA FE,COLECTIVO,NO,13484261
2024-07-01,SANTIAGO DEL ESTERO,COLECTIVO,NO,46493
2024-07-01,TIERRA DEL FUEGO,COLECTIVO,NO,581628
2024-08-01,BUENOS AIRES,COLECTIVO,NO,11322512
2024-08-01,BUENOS AIRES,COLECTIVO,SI,131636132
2024-08-01,BUENOS AIRES,LANCHAS,NO,33870
2024-08-01,CATAMARCA,COLECTIVO,NO,1570227
2024-08-01,CHACO,COLECTIVO,NO,1969766
2024-08-01,CHUBUT,COLECTIVO,NO,2455879
2024-08-01,CORDOBA,COLECTIVO,NO,180024
2024-08-01,CORRIENTES,COLECTIVO,NO,2472551
2024-08-01,ENTRE RÍOS,COLECTIVO,NO,2431888
2024-08-01,FORMOSA,COLECTIVO,NO,350805
2024-08-01,JN,COLECTIVO,NO,1444521
2024-08-01,JN,COLECTIVO,SI,116875957
2024-08-01,JN,TREN,NO,31759
2024-08-01,JN,TREN,SI,27268723
2024-08-01,JUJUY,COLECTIVO,NO,5232313
2024-08-01,LA PAMPA,COLECTIVO,NO,295143
2024-08-01,MENDOZA,COLECTIVO,NO,19187444
2024-08-01,NEUQUÉN,COLECTIVO,NO,2944174
2024-08-01,RÍO NEGRO,COLECTIVO,NO,1510965
2024-08-01,SAN JUAN,COLECTIVO,NO,8204954
2024-08-01,SAN LUIS,COLECTIVO,NO,1344282
2024-08-01,SANTA CRUZ,COLECTIVO,NO,215912
2024-08-01,SANTA FE,COLECTIVO,NO,15454128
2024-08-01,SANTIAGO DEL ESTERO,COLECTIVO,NO,60866
2024-08-01,TIERRA DEL FUEGO,COLECTIVO,NO,795411
2024-09-01,BUENOS AIRES,COLECTIVO,NO,11347706
2024-09-01,BUENOS AIRES,COLECTIVO,SI,130745016
2024-09-01,BUENOS AIRES,LANCHAS,NO,36708
2024-09-01,CATAMARCA,COLECTIVO,NO,1444611
2024-09-01,CHACO,COLECTIVO,NO,2177284
2024-09-01,CHUBUT,COLECTIVO,NO,2346784
2024-09-01,CORDOBA,COLECTIVO,NO,204257
2024-09-01,CORRIENTES,COLECTIVO,NO,2436319
2024-09-01,ENTRE RÍOS,COLECTIVO,NO,2717292
2024-09-01,FORMOSA,COLECTIVO,NO,367770
2024-09-01,JN,COLECTIVO,NO,1484956
2024-09-01,JN,COLECTIVO,SI,114973158
2024-09-01,JN,TREN,NO,33132
2024-09-01,JN,TREN,SI,27177906
2024-09-01,JUJUY,COLECTIVO,NO,4335363
2024-09-01,LA PAMPA,COLECTIVO,NO,292131
2024-09-01,MENDOZA,COLECTIVO,NO,18524099
2024-09-01,NEUQUÉN,COLECTIVO,NO,2926554
2024-09-01,RÍO NEGRO,COLECTIVO,NO,1339304
2024-09-01,SAN JUAN,COLECTIVO,NO,7660583
2024-09-01,SAN LUIS,COLECTIVO,NO,1327366
2024-09-01,SANTA CRUZ,COLECTIVO,NO,237183
2024-09-01,SANTA FE,COLECTIVO,NO,15224275
2024-09-01,SANTIAGO DEL ESTERO,COLECTIVO,NO,59529
2024-09-01,TIERRA DEL FUEGO,COLECTIVO,NO,744814
2024-10-01,BUENOS AIRES,COLECTIVO,NO,11807623
2024-10-01,BUENOS AIRES,COLECTIVO,SI,132717642
2024-10-01,BUENOS AIRES,LANCHAS,NO,42477
2024-10-01,CATAMARCA,COLECTIVO,NO,1475409
2024-10-01,CHACO,COLECTIVO,NO,2233940
2024-10-01,CHUBUT,COLECTIVO,NO,2584972
2024-10-01,CORDOBA,COLECTIVO,NO,199649
2024-10-01,CORRIENTES,COLECTIVO,NO,2641694
2024-10-01,ENTRE RÍOS,COLECTIVO,NO,2676005
2024-10-01,FORMOSA,COLECTIVO,NO,392702
2024-10-01,JN,COLECTIVO,NO,1482130
2024-10-01,JN,COLECTIVO,SI,118608827
2024-10-01,JN,TREN,NO,28597
2024-10-01,JN,TREN,SI,27681675
2024-10-01,JUJUY,COLECTIVO,NO,5407963
2024-10-01,LA PAMPA,COLECTIVO,NO,279951
2024-10-01,MENDOZA,COLECTIVO,NO,19813022
2024-10-01,NEUQUÉN,COLECTIVO,NO,3074362
2024-10-01,RÍO NEGRO,COLECTIVO,NO,1450557
2024-10-01,SAN JUAN,COLECTIVO,NO,8432842
2024-10-01,SAN LUIS,COLECTIVO,NO,1355612
2024-10-01,SANTA CRUZ,COLECTIVO,NO,242404
2024-10-01,SANTA FE,COLECTIVO,NO,15287817
2024-10-01,SANTIAGO DEL ESTERO,COLECTIVO,NO,64879
2024-10-01,TIERRA DEL FUEGO,COLECTIVO,NO,779550
2024-11-01,BUENOS AIRES,COLECTIVO,NO,10928718
2024-11-01,BUENOS AIRES,COLECTIVO,SI,127865992
2024-11-01,BUENOS AIRES,LANCHAS,NO,40688
2024-11-01,CATAMARCA,COLECTIVO,NO,1354904
2024-11-01,CHACO,COLECTIVO,NO,1975636
2024-11-01,CHUBUT,COLECTIVO,NO,2411026
2024-11-01,CORDOBA,COLECTIVO,NO,166309
2024-11-01,CORRIENTES,COLECTIVO,NO,2245277
2024-11-01,ENTRE RÍOS,COLECTIVO,NO,2436137
2024-11-01,FORMOSA,COLECTIVO,NO,385091
2024-11-01,JN,COLECTIVO,NO,1375151
2024-11-01,JN,COLECTIVO,SI,114671054
2024-11-01,JN,TREN,NO,27006
2024-11-01,JN,TREN,SI,27262759
2024-11-01,JUJUY,COLECTIVO,NO,5168240
2024-11-01,LA PAMPA,COLECTIVO,NO,274446
2024-11-01,MENDOZA,COLECTIVO,NO,18415024
2024-11-01,NEUQUÉN,COLECTIVO,NO,2929420
2024-11-01,RÍO NEGRO,COLECTIVO,NO,1341260
2024-11-01,SAN JUAN,COLECTIVO,NO,7931616
2024-11-01,SAN LUIS,COLECTIVO,NO,1300326
2024-11-01,SANTA CRUZ,COLECTIVO,NO,241436
2024-11-01,SANTA FE,COLECTIVO,NO,14135133
2024-11-01,SANTIAGO DEL ESTERO,COLECTIVO,NO,54215
2024-11-01,TIERRA DEL FUEGO,COLECTIVO,NO,715375
2024-12-01,BUENOS AIRES,COLECTIVO,NO,9766791
2024-12-01,BUENOS AIRES,COLECTIVO,SI,118870096
2024-12-01,BUENOS AIRES,LANCHAS,NO,44863
2024-12-01,CATAMARCA,COLECTIVO,NO,1043509
2024-12-01,CHACO,COLECTIVO,NO,1729240
2024-12-01,CHUBUT,COLECTIVO,NO,2008862
2024-12-01,CORDOBA,COLECTIVO,NO,139230
2024-12-01,CORRIENTES,COLECTIVO,NO,1830222
2024-12-01,ENTRE RÍOS,COLECTIVO,NO,2054639
2024-12-01,FORMOSA,COLECTIVO,NO,380362
2024-12-01,JN,COLECTIVO,NO,1176333
2024-12-01,JN,COLECTIVO,SI,106206525
2024-12-01,JN,TREN,NO,21383
2024-12-01,JN,TREN,SI,25176004
2024-12-01,JUJUY,COLECTIVO,NO,4778425
2024-12-01,LA PAMPA,COLECTIVO,NO,200578
2024-12-01,MENDOZA,COLECTIVO,NO,15684270
2024-12-01,NEUQUÉN,COLECTIVO,NO,2555291
2024-12-01,RÍO NEGRO,COLECTIVO,NO,1222567
2024-12-01,SAN JUAN,COLECTIVO,NO,6450189
2024-12-01,SAN LUIS,COLECTIVO,NO,1035541
2024-12-01,SANTA CRUZ,COLECTIVO,NO,195978
2024-12-01,SANTA FE,COLECTIVO,NO,12122432
2024-12-01,SANTIAGO DEL ESTERO,COLECTIVO,NO,51207
2024-12-01,TIERRA DEL FUEGO,COLECTIVO,NO,549255
2024-12-01,TUCUMAN,COLECTIVO,NO,3301
2025-01-01,BUENOS AIRES,COLECTIVO,NO,9212131
2025-01-01,BUENOS AIRES,COLECTIVO,SI,94786251
2025-01-01,BUENOS AIRES,LANCHAS,NO,51191
2025-01-01,C.A.B.A,COLECTIVO,SI,26335
2025-01-01,CATAMARCA,COLECTIVO,NO,661957
2025-01-01,CHACO,COLECTIVO,NO,1187140
2025-01-01,CHUBUT,COLECTIVO,NO,1628004
2025-01-01,CORDOBA,COLECTIVO,NO,108046
2025-01-01,CORRIENTES,COLECTIVO,NO,1194545
2025-01-01,ENTRE RÍOS,COLECTIVO,NO,1459926
2025-01-01,FORMOSA,COLECTIVO,NO,304675
2025-01-01,JN,COLECTIVO,NO,1012825
2025-01-01,JN,COLECTIVO,SI,89668903
2025-01-01,JN,TREN,NO,20860
2025-01-01,JN,TREN,SI,22869117
2025-01-01,JUJUY,COLECTIVO,NO,3895452
2025-01-01,LA PAMPA,COLECTIVO,NO,110061
2025-01-01,MENDOZA,COLECTIVO,NO,13236269
2025-01-01,NEUQUÉN,COLECTIVO,NO,2112669
2025-01-01,RÍO NEGRO,COLECTIVO,NO,1281829
2025-01-01,SAN JUAN,COLECTIVO,NO,4942211
2025-01-01,SAN LUIS,COLECTIVO,NO,726209
2025-01-01,SANTA CRUZ,COLECTIVO,NO,129532
2025-01-01,SANTA FE,COLECTIVO,NO,9280748
2025-01-01,SANTIAGO DEL ESTERO,COLECTIVO,NO,45501
2025-01-01,TIERRA DEL FUEGO,COLECTIVO,NO,430973
2025-01-01,TUCUMAN,COLECTIVO,NO,267431
2025-02-01,BUENOS AIRES,COLECTIVO,NO,8869844
2025-02-01,BUENOS AIRES,COLECTIVO,SI,92978950
2025-02-01,BUENOS AIRES,LANCHAS,NO,43317
2025-02-01,C.A.B.A,COLECTIVO,SI,17513354
2025-02-01,CATAMARCA,COLECTIVO,NO,729978
2025-02-01,CHACO,COLECTIVO,NO,1143231
2025-02-01,CHUBUT,COLECTIVO,NO,1683353
2025-02-01,CORDOBA,COLECTIVO,NO,159926
2025-02-01,CORRIENTES,COLECTIVO,NO,1291458
2025-02-01,ENTRE RÍOS,COLECTIVO,NO,1539259
2025-02-01,FORMOSA,COLECTIVO,NO,301745
2025-02-01,JN,COLECTIVO,NO,1101474
2025-02-01,JN,COLECTIVO,SI,71632744
2025-02-01,JN,TREN,NO,24799
2025-02-01,JN,TREN,SI,22494618
2025-02-01,JUJUY,COLECTIVO,NO,3812624
2025-02-01,LA PAMPA,COLECTIVO,NO,115315
2025-02-01,MENDOZA,COLECTIVO,NO,14351858
2025-02-01,NEUQUÉN,COLECTIVO,NO,2292042
2025-02-01,RÍO NEGRO,COLECTIVO,NO,1184975
2025-02-01,SAN JUAN,COLECTIVO,NO,5306081
2025-02-01,SAN LUIS,COLECTIVO,NO,827389
2025-02-01,SANTA CRUZ,COLECTIVO,NO,134825
2025-02-01,SANTA FE,COLECTIVO,NO,9812852
2025-02-01,SANTIAGO DEL ESTERO,COLECTIVO,NO,43802
2025-02-01,TIERRA DEL FUEGO,COLECTIVO,NO,456749
2025-02-01,TUCUMAN,COLECTIVO,NO,658173
2025-03-01,BUENOS AIRES,COLECTIVO,NO,8354728
2025-03-01,BUENOS AIRES,COLECTIVO,SI,117647232
2025-03-01,BUENOS AIRES,LANCHAS,NO,41164
2025-03-01,C.A.B.A,COLECTIVO,SI,20708609
2025-03-01,CATAMARCA,COLECTIVO,NO,1157175
2025-03-01,CHACO,COLECTIVO,NO,1299259
2025-03-01,CHUBUT,COLECTIVO,NO,2151615
2025-03-01,CORDOBA,COLECTIVO,NO,148228
2025-03-01,CORRIENTES,COLECTIVO,NO,1987255
2025-03-01,ENTRE RÍOS,COLECTIVO,NO,2172560
2025-03-01,FORMOSA,COLECTIVO,NO,378873
2025-03-01,JN,COLECTIVO,NO,1327906
2025-03-01,JN,COLECTIVO,SI,84737697
2025-03-01,JN,TREN,NO,20550
2025-03-01,JN,TREN,SI,24930480
2025-03-01,JUJUY,COLECTIVO,NO,4654073
2025-03-01,LA PAMPA,COLECTIVO,NO,173032
2025-03-01,MENDOZA,COLECTIVO,NO,17624666
2025-03-01,NEUQUÉN,COLECTIVO,NO,2868501
2025-03-01,RÍO NEGRO,COLECTIVO,NO,1344785
2025-03-01,SAN JUAN,COLECTIVO,NO,7357728
2025-03-01,SAN LUIS,COLECTIVO,NO,1140698
2025-03-01,SANTA CRUZ,COLECTIVO,NO,185652
2025-03-01,SANTA FE,COLECTIVO,NO,12422788
2025-03-01,SANTIAGO DEL ESTERO,COLECTIVO,NO,66170
2025-03-01,TIERRA DEL FUEGO,COLECTIVO,NO,593602
2025-03-01,TUCUMAN,COLECTIVO,NO,1471265
2025-04-01,BUENOS AIRES,COLECTIVO,NO,9921706
2025-04-01,BUENOS AIRES,COLECTIVO,SI,122262274
2025-04-01,BUENOS AIRES,LANCHAS,NO,39868
2025-04-01,C.A.B.A,COLECTIVO,SI,21693171
2025-04-01,CATAMARCA,COLECTIVO,NO,1268295
2025-04-01,CHACO,COLECTIVO,NO,1662095
2025-04-01,CHUBUT,COLECTIVO,NO,2214371
2025-04-01,CORDOBA,COLECTIVO,NO,128993
2025-04-01,CORRIENTES,COLECTIVO,NO,2160551
2025-04-01,ENTRE RÍOS,COLECTIVO,NO,2376291
2025-04-01,FORMOSA,COLECTIVO,NO,401803
2025-04-01,JN,COLECTIVO,NO,1429086
2025-04-01,JN,COLECTIVO,SI,89354502
2025-04-01,JN,TREN,NO,22958
2025-04-01,JN,TREN,SI,26043162
2025-04-01,JUJUY,COLECTIVO,NO,5069020
2025-04-01,LA PAMPA,COLECTIVO,NO,241268
2025-04-01,MENDOZA,COLECTIVO,NO,18167403
2025-04-01,NEUQUÉN,COLECTIVO,NO,2826217
2025-04-01,RÍO NEGRO,COLECTIVO,NO,1277517
2025-04-01,SAN JUAN,COLECTIVO,NO,7819197
2025-04-01,SAN LUIS,COLECTIVO,NO,1137210
2025-04-01,SANTA CRUZ,COLECTIVO,NO,204270
2025-04-01,SANTA FE,COLECTIVO,NO,13548770
2025-04-01,SANTIAGO DEL ESTERO,COLECTIVO,NO,70045
2025-04-01,TIERRA DEL FUEGO,COLECTIVO,NO,681135
2025-04-01,TUCUMAN,COLECTIVO,NO,2165300
2025-05-01,BUENOS AIRES,COLECTIVO,NO,10337159
2025-05-01,BUENOS AIRES,COLECTIVO,SI,115738168
2025-05-01,BUENOS AIRES,LANCHAS,NO,37747
2025-05-01,C.A.B.A,COLECTIVO,SI,21157030
2025-05-01,CATAMARCA,COLECTIVO,NO,1313651
2025-05-01,CHACO,COLECTIVO,NO,1587498
2025-05-01,CHUBUT,COLECTIVO,NO,2287997
2025-05-01,CIUDAD AUTÓNOMA DE BUENOS AIRES,COLECTIVO,SI,33885
2025-05-01,CORDOBA,COLECTIVO,NO,641876
2025-05-01,CORRIENTES,COLECTIVO,NO,2132500
2025-05-01,ENTRE RÍOS,COLECTIVO,NO,2298774
2025-05-01,FORMOSA,COLECTIVO,NO,406890
2025-05-01,JN,COLECTIVO,NO,1372236
2025-05-01,JN,COLECTIVO,SI,87167217
2025-05-01,JN,TREN,NO,21809
2025-05-01,JN,TREN,SI,26316737
2025-05-01,JUJUY,COLECTIVO,NO,5254792
2025-05-01,LA PAMPA,COLECTIVO,NO,246724
2025-05-01,MENDOZA,COLECTIVO,NO,18319699
2025-05-01,NEUQUÉN,COLECTIVO,NO,2880103
2025-05-01,RÍO NEGRO,COLECTIVO,NO,1225892
2025-05-01,SAN JUAN,COLECTIVO,NO,7844306
2025-05-01,SAN LUIS,COLECTIVO,NO,1139222
2025-05-01,SANTA CRUZ,COLECTIVO,NO,203642
2025-05-01,SANTA FE,COLECTIVO,NO,13502766
2025-05-01,SANTIAGO DEL ESTERO,COLECTIVO,NO,73367
2025-05-01,TIERRA DEL FUEGO,COLECTIVO,NO,691546
2025-05-01,TUCUMAN,COLECTIVO,NO,2855479
2025-06-01,BUENOS AIRES,COLECTIVO,NO,9545814
2025-06-01,BUENOS AIRES,COLECTIVO,SI,114205551
2025-06-01,BUENOS AIRES,LANCHAS,NO,36320
2025-06-01,C.A.B.A,COLECTIVO,SI,20158148
2025-06-01,CATAMARCA,COLECTIVO,NO,1184449
2025-06-01,CHACO,COLECTIVO,NO,1562441
2025-06-01,CHUBUT,COLECTIVO,NO,2153071
2025-06-01,CORDOBA,COLECTIVO,NO,2099816
2025-06-01,CORRIENTES,COLECTIVO,NO,2052692
2025-06-01,ENTRE RÍOS,COLECTIVO,NO,2181410
2025-06-01,FORMOSA,COLECTIVO,NO,398137
2025-06-01,JN,COLECTIVO,NO,1287121
2025-06-01,JN,COLECTIVO,SI,84133544
2025-06-01,JN,TREN,NO,18562
2025-06-01,JN,TREN,SI,24836762
2025-06-01,JUJUY,COLECTIVO,NO,4845232
2025-06-01,LA PAMPA,COLECTIVO,NO,232538
2025-06-01,MENDOZA,COLECTIVO,NO,16462271
2025-06-01,NEUQUÉN,COLECTIVO,NO,2716952
2025-06-01,RÍO NEGRO,COLECTIVO,NO,1192797
2025-06-01,SAN JUAN,COLECTIVO,NO,7394984
2025-06-01,SAN LUIS,COLECTIVO,NO,998217
2025-06-01,SANTA CRUZ,COLECTIVO,NO,193867
2025-06-01,SANTA FE,COLECTIVO,NO,12970771
2025-06-01,SANTIAGO DEL ESTERO,COLECTIVO,NO,67694
2025-06-01,TIERRA DEL FUEGO,COLECTIVO,NO,658162
2025-06-01,TUCUMAN,COLECTIVO,NO,2534280
2025-07-01,BUENOS AIRES,COLECTIVO,NO,9201659
2025-07-01,BUENOS AIRES,COLECTIVO,SI,115528325
2025-07-01,BUENOS AIRES,LANCHAS,NO,41582
2025-07-01,C.A.B.A,COLECTIVO,SI,20710256
2025-07-01,CATAMARCA,COLECTIVO,NO,1061448
2025-07-01,CHACO,COLECTIVO,NO,1487709
2025-07-01,CHUBUT,COLECTIVO,NO,1937685
2025-07-01,CORDOBA,COLECTIVO,NO,3459131
2025-07-01,CORRIENTES,COLECTIVO,NO,1671264
2025-07-01,ENTRE RÍOS,COLECTIVO,NO,1987252
2025-07-01,FORMOSA,COLECTIVO,NO,411848
2025-07-01,JN,COLECTIVO,NO,1150178
2025-07-01,JN,COLECTIVO,SI,86731823
2025-07-01,JN,TREN,NO,24073
2025-07-01,JN,TREN,SI,26739162
2025-07-01,JUJUY,COLECTIVO,NO,4628451
2025-07-01,LA PAMPA,COLECTIVO,NO,193959
2025-07-01,MENDOZA,COLECTIVO,NO,15493818
2025-07-01,NEUQUÉN,COLECTIVO,NO,2437804
2025-07-01,RÍO NEGRO,COLECTIVO,NO,1295166
2025-07-01,SAN JUAN,COLECTIVO,NO,6623964
2025-07-01,SAN LUIS,COLECTIVO,NO,893340
2025-07-01,SANTA CRUZ,COLECTIVO,NO,171244
2025-07-01,SANTA FE,COLECTIVO,NO,12308254
2025-07-01,SANTIAGO DEL ESTERO,COLECTIVO,NO,59801
2025-07-01,TIERRA DEL FUEGO,COLECTIVO,NO,571900
2025-07-01,TUCUMAN,COLECTIVO,NO,2242191
2025-08-01,BUENOS AIRES,COLECTIVO,NO,9828084
2025-08-01,BUENOS AIRES,COLECTIVO,SI,117884779
2025-08-01,BUENOS AIRES,LANCHAS,NO,42296
2025-08-01,C.A.B.A,COLECTIVO,SI,20954792
2025-08-01,CATAMARCA,COLECTIVO,NO,1227985
2025-08-01,CHACO,COLECTIVO,NO,1503221
2025-08-01,CHUBUT,COLECTIVO,NO,2354447
2025-08-01,CORDOBA,COLECTIVO,NO,4585707
2025-08-01,CORRIENTES,COLECTIVO,NO,2103953
2025-08-01,ENTRE RÍOS,COLECTIVO,NO,2300309
2025-08-01,FORMOSA,COLECTIVO,NO,441576
2025-08-01,JN,COLECTIVO,NO,1325445
2025-08-01,JN,COLECTIVO,SI,87541673
2025-08-01,JN,TREN,NO,21733
2025-08-01,JN,TREN,SI,25422172
2025-08-01,JUJUY,COLECTIVO,NO,5039854
2025-08-01,LA PAMPA,COLECTIVO,NO,252326
2025-08-01,MENDOZA,COLECTIVO,NO,18002770
2025-08-01,NEUQUÉN,COLECTIVO,NO,2781205
2025-08-01,RÍO NEGRO,COLECTIVO,NO,1421107
2025-08-01,SAN JUAN,COLECTIVO,NO,7923382
2025-08-01,SAN LUIS,COLECTIVO,NO,1035562
2025-08-01,SANTA CRUZ,COLECTIVO,NO,203857
2025-08-01,SANTA FE,COLECTIVO,NO,13533812
2025-08-01,SANTIAGO DEL ESTERO,COLECTIVO,NO,68043
2025-08-01,TIERRA DEL FUEGO,COLECTIVO,NO,697569
2025-08-01,TUCUMAN,COLECTIVO,NO,2868640
2025-09-01,BUENOS AIRES,COLECTIVO,NO,10389853
2025-09-01,BUENOS AIRES,COLECTIVO,SI,120562165
2025-09-01,BUENOS AIRES,LANCHAS,NO,40502
2025-09-01,C.A.B.A,COLECTIVO,SI,21779180
2025-09-01,CATAMARCA,COLECTIVO,NO,1395988
2025-09-01,CHACO,COLECTIVO,NO,1519136
2025-09-01,CHUBUT,COLECTIVO,NO,2369321
2025-09-01,CORDOBA,COLECTIVO,NO,5992053
2025-09-01,CORRIENTES,COLECTIVO,NO,2114042
2025-09-01,ENTRE RÍOS,COLECTIVO,NO,2174034
2025-09-01,FORMOSA,COLECTIVO,NO,439233
2025-09-01,JN,COLECTIVO,NO,1392023
2025-09-01,JN,COLECTIVO,SI,90716213
2025-09-01,JN,TREN,NO,23403
2025-09-01,JN,TREN,SI,25668976
2025-09-01,JUJUY,COLECTIVO,NO,5344777
2025-09-01,LA PAMPA,COLECTIVO,NO,258783
2025-09-01,MENDOZA,COLECTIVO,NO,19199635
2025-09-01,NEUQUÉN,COLECTIVO,NO,2884040
2025-09-01,RÍO NEGRO,COLECTIVO,NO,1372249
2025-09-01,SAN JUAN,COLECTIVO,NO,8183227
2025-09-01,SAN LUIS,COLECTIVO,NO,1123353
2025-09-01,SANTA CRUZ,COLECTIVO,NO,219306
2025-09-01,SANTA FE,COLECTIVO,NO,14135518
2025-09-01,SANTIAGO DEL ESTERO,COLECTIVO,NO,73408
2025-09-01,TIERRA DEL FUEGO,COLECTIVO,NO,727349
2025-09-01,TUCUMAN,COLECTIVO,NO,2752603
2025-10-01,BUENOS AIRES,COLECTIVO,NO,10939068
2025-10-01,BUENOS AIRES,COLECTIVO,SI,123379652
2025-10-01,BUENOS AIRES,LANCHAS,NO,45177
2025-10-01,C.A.B.A,COLECTIVO,SI,22633919
2025-10-01,CATAMARCA,COLECTIVO,NO,1432845
2025-10-01,CHACO,COLECTIVO,NO,1622321
2025-10-01,CHUBUT,COLECTIVO,NO,2417916
2025-10-01,CORDOBA,COLECTIVO,NO,6345415
2025-10-01,CORRIENTES,COLECTIVO,NO,2239691
2025-10-01,ENTRE RÍOS,COLECTIVO,NO,2409755
2025-10-01,FORMOSA,COLECTIVO,NO,464374
2025-10-01,JN,COLECTIVO,NO,1412611
2025-10-01,JN,COLECTIVO,SI,93211306
2025-10-01,JN,TREN,NO,25973
2025-10-01,JN,TREN,SI,26701044
2025-10-01,JUJUY,COLECTIVO,NO,5395393
2025-10-01,LA PAMPA,COLECTIVO,NO,252482
2025-10-01,MENDOZA,COLECTIVO,NO,19329982
2025-10-01,NEUQUÉN,COLECTIVO,NO,2958323
2025-10-01,RÍO NEGRO,COLECTIVO,NO,1381546
2025-10-01,SAN JUAN,COLECTIVO,NO,8490704
2025-10-01,SAN LUIS,COLECTIVO,NO,1136694
2025-10-01,SANTA CRUZ,COLECTIVO,NO,208745
2025-10-01,SANTA FE,COLECTIVO,NO,14102392
2025-10-01,SANTIAGO DEL ESTERO,COLECTIVO,NO,71016
2025-10-01,TIERRA DEL FUEGO,COLECTIVO,NO,762780
2025-10-01,TUCUMAN,COLECTIVO,NO,2873542
2025-11-01,BUENOS AIRES,COLECTIVO,NO,9832648
2025-11-01,BUENOS AIRES,COLECTIVO,SI,110219970
2025-11-01,BUENOS AIRES,LANCHAS,NO,45538
2025-11-01,C.A.B.A,COLECTIVO,SI,20446901
2025-11-01,CATAMARCA,COLECTIVO,NO,1209047
2025-11-01,CHACO,COLECTIVO,NO,1408096
2025-11-01,CHUBUT,COLECTIVO,NO,2076152
2025-11-01,CORDOBA,COLECTIVO,NO,6048315
2025-11-01,CORRIENTES,COLECTIVO,NO,1938496
2025-11-01,ENTRE RÍOS,COLECTIVO,NO,2079032
2025-11-01,FORMOSA,COLECTIVO,NO,409775
2025-11-01,JN,COLECTIVO,NO,1204695
2025-11-01,JN,COLECTIVO,SI,83798221
2025-11-01,JN,TREN,NO,13801
2025-11-01,JN,TREN,SI,23115359
2025-11-01,JUJUY,COLECTIVO,NO,4780370
2025-11-01,LA PAMPA,COLECTIVO,NO,213106
2025-11-01,MENDOZA,COLECTIVO,NO,17528326
2025-11-01,NEUQUÉN,COLECTIVO,NO,2525109
2025-11-01,RÍO NEGRO,COLECTIVO,NO,1232129
2025-11-01,SAN JUAN,COLECTIVO,NO,7309643
2025-11-01,SAN LUIS,COLECTIVO,NO,984992
2025-11-01,SANTA CRUZ,COLECTIVO,NO,178235
2025-11-01,SANTA FE,COLECTIVO,NO,12158255
2025-11-01,SANTIAGO DEL ESTERO,COLECTIVO,NO,86916
2025-11-01,TIERRA DEL FUEGO,COLECTIVO,NO,636292
2025-11-01,TUCUMAN,COLECTIVO,NO,2227649
2025-12-01,BUENOS AIRES,COLECTIVO,NO,9066726
2025-12-01,BUENOS AIRES,COLECTIVO,SI,102519620
2025-12-01,BUENOS AIRES,LANCHAS,NO,50290
2025-12-01,C.A.B.A,COLECTIVO,SI,19498984
2025-12-01,CATAMARCA,COLECTIVO,NO,929014
2025-12-01,CHACO,COLECTIVO,NO,1192524
2025-12-01,CHUBUT,COLECTIVO,NO,1927084
2025-12-01,CORDOBA,COLECTIVO,NO,6408617
2025-12-01,CORRIENTES,COLECTIVO,NO,1464203
2025-12-01,ENTRE RÍOS,COLECTIVO,NO,1598033
2025-12-01,FORMOSA,COLECTIVO,NO,368495
2025-12-01,JN,COLECTIVO,NO,1070945
2025-12-01,JN,COLECTIVO,SI,79529156
2025-12-01,JN,TREN,NO,12793
2025-12-01,JN,TREN,SI,23126718
2025-12-01,JUJUY,COLECTIVO,NO,4620909
2025-12-01,LA PAMPA,COLECTIVO,NO,150580
2025-12-01,MENDOZA,COLECTIVO,NO,15265007
2025-12-01,NEUQUÉN,COLECTIVO,NO,2416547
2025-12-01,RÍO NEGRO,COLECTIVO,NO,1160744
2025-12-01,SAN JUAN,COLECTIVO,NO,5864498
2025-12-01,SAN LUIS,COLECTIVO,NO,794158
2025-12-01,SANTA CRUZ,COLECTIVO,NO,154062
2025-12-01,SANTA FE,COLECTIVO,NO,10803922
2025-12-01,SANTIAGO DEL ESTERO,COLECTIVO,NO,75234
2025-12-01,TIERRA DEL FUEGO,COLECTIVO,NO,524635
2025-12-01,TUCUMAN,COLECTIVO,NO,1952024
2026-01-01,BUENOS AIRES,COLECTIVO,NO,8183495
2026-01-01,BUENOS AIRES,COLECTIVO,SI,82169114
2026-01-01,BUENOS AIRES,LANCHAS,NO,55654
2026-01-01,C.A.B.A,COLECTIVO,SI,16400205
2026-01-01,CATAMARCA,COLECTIVO,NO,593963
2026-01-01,CHACO,COLECTIVO,NO,697227
2026-01-01,CHUBUT,COLECTIVO,NO,1504055
2026-01-01,CORDOBA,COLECTIVO,NO,5876649
2026-01-01,CORRIENTES,COLECTIVO,NO,866285
2026-01-01,ENTRE RÍOS,COLECTIVO,NO,1155246
2026-01-01,FORMOSA,COLECTIVO,NO,286223
2026-01-01,JN,COLECTIVO,NO,910556
2026-01-01,JN,COLECTIVO,SI,67830987
2026-01-01,JN,TREN,NO,14409
2026-01-01,JN,TREN,SI,19852696
2026-01-01,JUJUY,COLECTIVO,NO,3661546
2026-01-01,LA PAMPA,COLECTIVO,NO,94664
2026-01-01,MENDOZA,COLECTIVO,NO,12107050
2026-01-01,NEUQUÉN,COLECTIVO,NO,1949521
2026-01-01,RÍO NEGRO,COLECTIVO,NO,1177454
2026-01-01,SAN JUAN,COLECTIVO,NO,3970680
2026-01-01,SAN LUIS,COLECTIVO,NO,519207
2026-01-01,SANTA CRUZ,COLECTIVO,NO,117077
2026-01-01,SANTA FE,COLECTIVO,NO,8150602
2026-01-01,SANTIAGO DEL ESTERO,COLECTIVO,NO,51168
2026-01-01,TIERRA DEL FUEGO,COLECTIVO,NO,377118
2026-01-01,TUCUMAN,COLECTIVO,NO,1252238
2026-02-01,BUENOS AIRES,COLECTIVO,NO,7501327
2026-02-01,BUENOS AIRES,COLECTIVO,SI,75906248
2026-02-01,BUENOS AIRES,LANCHAS,NO,46930
2026-02-01,C.A.B.A,COLECTIVO,SI,15539970
2026-02-01,CATAMARCA,COLECTIVO,NO,581862
2026-02-01,CHACO,COLECTIVO,NO,606892
2026-02-01,CHUBUT,COLECTIVO,NO,1470486
2026-02-01,CORDOBA,COLECTIVO,NO,5850685
2026-02-01,CORRIENTES,COLECTIVO,NO,920341
2026-02-01,ENTRE RÍOS,COLECTIVO,NO,1224125
2026-02-01,FORMOSA,COLECTIVO,NO,271777
2026-02-01,JN,COLECTIVO,NO,951815
2026-02-01,JN,COLECTIVO,SI,63341101
2026-02-01,JN,TREN,NO,12508
2026-02-01,JN,TREN,SI,17250146
2026-02-01,JUJUY,COLECTIVO,NO,3344720
2026-02-01,LA PAMPA,COLECTIVO,NO,93980
2026-02-01,MENDOZA,COLECTIVO,NO,12767537
2026-02-01,NEUQUÉN,COLECTIVO,NO,1939176
2026-02-01,RÍO NEGRO,COLECTIVO,NO,985534
2026-02-01,SAN JUAN,COLECTIVO,NO,4020382
2026-02-01,SAN LUIS,COLECTIVO,NO,580118
2026-02-01,SANTA CRUZ,COLECTIVO,NO,115700
2026-02-01,SANTA FE,COLECTIVO,NO,8005799
2026-02-01,SANTIAGO DEL ESTERO,COLECTIVO,NO,45201
2026-02-01,TIERRA DEL FUEGO,COLECTIVO,NO,373048
2026-02-01,TUCUMAN,COLECTIVO,NO,1335385
2026-03-01,BUENOS AIRES,COLECTIVO,NO,9372035
2026-03-01,BUENOS AIRES,COLECTIVO,SI,105995542
2026-03-01,BUENOS AIRES,LANCHAS,NO,45988
2026-03-01,C.A.B.A,COLECTIVO,SI,20741331
2026-03-01,CATAMARCA,COLECTIVO,NO,1114469
2026-03-01,CHACO,COLECTIVO,NO,1070695
2026-03-01,CHUBUT,COLECTIVO,NO,2260885
2026-03-01,CORDOBA,COLECTIVO,NO,5915039
2026-03-01,CORRIENTES,COLECTIVO,NO,1772294
2026-03-01,ENTRE RÍOS,COLECTIVO,NO,2099017
2026-03-01,FORMOSA,COLECTIVO,NO,395124
2026-03-01,JN,COLECTIVO,NO,1301519
2026-03-01,JN,COLECTIVO,SI,82514601
2026-03-01,JN,TREN,NO,19026
2026-03-01,JN,TREN,SI,22966499
2026-03-01,JUJUY,COLECTIVO,NO,4702256
2026-03-01,LA PAMPA,COLECTIVO,NO,197463
2026-03-01,MENDOZA,COLECTIVO,NO,17578111
2026-03-01,NEUQUÉN,COLECTIVO,NO,2244254
2026-03-01,RÍO NEGRO,COLECTIVO,NO,1247121
2026-03-01,SAN JUAN,COLECTIVO,NO,7032627
2026-03-01,SAN LUIS,COLECTIVO,NO,982144
2026-03-01,SANTA CRUZ,COLECTIVO,NO,187518
2026-03-01,SANTA FE,COLECTIVO,NO,11908913
2026-03-01,SANTIAGO DEL ESTERO,COLECTIVO,NO,80405
2026-03-01,TIERRA DEL FUEGO,COLECTIVO,NO,583901
2026-03-01,TUCUMAN,COLECTIVO,NO,2212865
2026-04-01,BUENOS AIRES,COLECTIVO,NO,9648913
2026-04-01,BUENOS AIRES,COLECTIVO,SI,103147699
2026-04-01,BUENOS AIRES,LANCHAS,NO,39689
2026-04-01,C.A.B.A,COLECTIVO,SI,21321801
2026-04-01,CATAMARCA,COLECTIVO,NO,1068286
2026-04-01,CHACO,COLECTIVO,NO,1104397
2026-04-01,CHUBUT,COLECTIVO,NO,2204876
2026-04-01,CORDOBA,COLECTIVO,NO,7076401
2026-04-01,CORRIENTES,COLECTIVO,NO,1799670
2026-04-01,ENTRE RÍOS,COLECTIVO,NO,2057917
2026-04-01,FORMOSA,COLECTIVO,NO,361404
2026-04-01,JN,COLECTIVO,NO,1343945
2026-04-01,JN,COLECTIVO,SI,80994509
2026-04-01,JN,TREN,NO,22339
2026-04-01,JN,TREN,SI,23281047
2026-04-01,JUJUY,COLECTIVO,NO,5011741
2026-04-01,LA PAMPA,COLECTIVO,NO,216352
2026-04-01,MENDOZA,COLECTIVO,NO,17832473
2026-04-01,NEUQUÉN,COLECTIVO,NO,2180348
2026-04-01,RÍO NEGRO,COLECTIVO,NO,1196574
2026-04-01,SAN JUAN,COLECTIVO,NO,7466902
2026-04-01,SAN LUIS,COLECTIVO,NO,984694
2026-04-01,SANTA CRUZ,COLECTIVO,NO,203615
2026-04-01,SANTA FE,COLECTIVO,NO,12698575
2026-04-01,SANTIAGO DEL ESTERO,COLECTIVO,NO,77263
2026-04-01,TIERRA DEL FUEGO,COLECTIVO,NO,617434
2026-04-01,TUCUMAN,COLECTIVO,NO,2675882
2026-05-01,BUENOS AIRES,COLECTIVO,NO,8717487
2026-05-01,BUENOS AIRES,COLECTIVO,SI,101067754
2026-05-01,BUENOS AIRES,LANCHAS,NO,39099
2026-05-01,C.A.B.A,COLECTIVO,SI,20591651
2026-05-01,CATAMARCA,COLECTIVO,NO,1081080
2026-05-01,CHACO,COLECTIVO,NO,1195444
2026-05-01,CHUBUT,COLECTIVO,NO,2161938
2026-05-01,CORDOBA,COLECTIVO,NO,7503858
2026-05-01,CORRIENTES,COLECTIVO,NO,1840118
2026-05-01,ENTRE RÍOS,COLECTIVO,NO,2124475
2026-05-01,FORMOSA,COLECTIVO,NO,376223
2026-05-01,JN,COLECTIVO,NO,1326405
2026-05-01,JN,COLECTIVO,SI,80052175
2026-05-01,JN,TREN,NO,23356
2026-05-01,JN,TREN,SI,22940280
2026-05-01,JUJUY,COLECTIVO,NO,4805422
2026-05-01,LA PAMPA,COLECTIVO,NO,218078
2026-05-01,MENDOZA,COLECTIVO,NO,17262743
2026-05-01,NEUQUÉN,COLECTIVO,NO,2037374
2026-05-01,RÍO NEGRO,COLECTIVO,NO,1120908
2026-05-01,SAN JUAN,COLECTIVO,NO,6988689
2026-05-01,SAN LUIS,COLECTIVO,NO,969917
2026-05-01,SANTA CRUZ,COLECTIVO,NO,191940
2026-05-01,SANTA FE,COLECTIVO,NO,12483035
2026-05-01,SANTIAGO DEL ESTERO,COLECTIVO,NO,83144
2026-05-01,TIERRA DEL FUEGO,COLECTIVO,NO,547758
2026-05-01,TUCUMAN,COLECTIVO,NO,2662610
2026-06-01,BUENOS AIRES,COLECTIVO,NO,8992296
2026-06-01,BUENOS AIRES,COLECTIVO,SI,101859094
2026-06-01,BUENOS AIRES,LANCHAS,NO,35935
2026-06-01,C.A.B.A,COLECTIVO,SI,20996210
2026-06-01,CATAMARCA,COLECTIVO,NO,1137754
2026-06-01,CHACO,COLECTIVO,NO,1244811
2026-06-01,CHUBUT,COLECTIVO,NO,2262252
2026-06-01,CORDOBA,COLECTIVO,NO,6946011
2026-06-01,CORRIENTES,COLECTIVO,NO,1926612
2026-06-01,ENTRE RÍOS,COLECTIVO,NO,2186525
2026-06-01,FORMOSA,COLECTIVO,NO,399579
2026-06-01,JN,COLECTIVO,NO,1319277
2026-06-01,JN,COLECTIVO,SI,81419972
2026-06-01,JN,TREN,NO,22338
2026-06-01,JN,TREN,SI,23359873
2026-06-01,JUJUY,COLECTIVO,NO,5002474
2026-06-01,LA PAMPA,COLECTIVO,NO,223909
2026-06-01,MENDOZA,COLECTIVO,NO,18175032
2026-06-01,NEUQUÉN,COLECTIVO,NO,1954507
2026-06-01,RÍO NEGRO,COLECTIVO,NO,1178635
2026-06-01,SAN JUAN,COLECTIVO,NO,7209819
2026-06-01,SAN LUIS,COLECTIVO,NO,981824
2026-06-01,SANTA CRUZ,COLECTIVO,NO,200088
2026-06-01,SANTA FE,COLECTIVO,NO,12736143
2026-06-01,SANTIAGO DEL ESTERO,COLECTIVO,NO,89382
2026-06-01,TIERRA DEL FUEGO,COLECTIVO,NO,549890
2026-06-01,TUCUMAN,COLECTIVO,NO,2693544
2026-07-01,BUENOS AIRES,COLECTIVO,NO,7405479
2026-07-01,BUENOS AIRES,COLECTIVO,SI,87750689
2026-07-01,BUENOS AIRES,LANCHAS,NO,38805
2026-07-01,C.A.B.A,COLECTIVO,SI,19021534
2026-07-01,CATAMARCA,COLECTIVO,NO,837971
2026-07-01,CHACO,COLECTIVO,NO,952147
2026-07-01,CHUBUT,COLECTIVO,NO,1602947
2026-07-01,CORDOBA,COLECTIVO,NO,6484286
2026-07-01,CORRIENTES,COLECTIVO,NO,1272688
2026-07-01,ENTRE RÍOS,COLECTIVO,NO,1669832
2026-07-01,FORMOSA,COLECTIVO,NO,335673
2026-07-01,JN,COLECTIVO,NO,1057842
2026-07-01,JN,COLECTIVO,SI,74575362
2026-07-01,JN,TREN,NO,19388
2026-07-01,JN,TREN,SI,21496763
2026-07-01,JUJUY,COLECTIVO,NO,4128472
2026-07-01,LA PAMPA,COLECTIVO,NO,146521
2026-07-01,MENDOZA,COLECTIVO,NO,14841040
2026-07-01,NEUQUÉN,COLECTIVO,NO,1839985
2026-07-01,RÍO NEGRO,COLECTIVO,NO,1059502
2026-07-01,SAN JUAN,COLECTIVO,NO,5179989
2026-07-01,SAN LUIS,COLECTIVO,NO,759948
2026-07-01,SANTA CRUZ,COLECTIVO,NO,138968
2026-07-01,SANTA FE,COLECTIVO,NO,10667979
2026-07-01,SANTIAGO DEL ESTERO,COLECTIVO,NO,62712
2026-07-01,TIERRA DEL FUEGO,COLECTIVO,NO,387270
2026-07-01,TUCUMAN,COLECTIVO,NO,1894300
2026-08-01,BUENOS AIRES,COLECTIVO,NO,8591420
2026-08-01,BUENOS AIRES,COLECTIVO,SI,96659858
2026-08-01,BUENOS AIRES,LANCHAS,NO,40467
2026-08-01,C.A.B.A,COLECTIVO,SI,20454920
2026-08-01,CATAMARCA,COLECTIVO,NO,1037766
2026-08-01,CHACO,COLECTIVO,NO,1074363
2026-08-01,CHUBUT,COLECTIVO,NO,965361
2026-08-01,CORDOBA,COLECTIVO,NO,6772906
2026-08-01,CORRIENTES,COLECTIVO,NO,1729575
2026-08-01,ENTRE RÍOS,COLECTIVO,NO,1987919
2026-08-01,FORMOSA,COLECTIVO,NO,377972
2026-08-01,JN,COLECTIVO,NO,1292777
2026-08-01,JN,COLECTIVO,SI,80799188
2026-08-01,JN,TREN,NO,19569
2026-08-01,JN,TREN,SI,22114095
2026-08-01,JUJUY,COLECTIVO,NO,4843755
2026-08-01,LA PAMPA,COLECTIVO,NO,220526
2026-08-01,MENDOZA,COLECTIVO,NO,18528856
2026-08-01,NEUQUÉN,COLECTIVO,NO,1957118
2026-08-01,RÍO NEGRO,COLECTIVO,NO,1271643
2026-08-01,SAN JUAN,COLECTIVO,NO,7057791
2026-08-01,SAN LUIS,COLECTIVO,NO,948113
2026-08-01,SANTA CRUZ,COLECTIVO,NO,194401
2026-08-01,SANTA FE,COLECTIVO,NO,12294811
2026-08-01,SANTIAGO DEL ESTERO,COLECTIVO,NO,75547
2026-08-01,TIERRA DEL FUEGO,COLECTIVO,NO,549511
2026-08-01,TUCUMAN,COLECTIVO,NO,2477304
2026-09-01,BUENOS AIRES,COLECTIVO,NO,7101690
2026-09-01,BUENOS AIRES,COLECTIVO,SI,80538834
2026-09-01,BUENOS AIRES,LANCHAS,NO,33105
2026-09-01,C.A.B.A,COLECTIVO,SI,16246923
2026-09-01,CATAMARCA,COLECTIVO,NO,880285
2026-09-01,CHACO,COLECTIVO,NO,1004918
2026-09-01,CHUBUT,COLECTIVO,NO,1076446
2026-09-01,CORDOBA,COLECTIVO,NO,5778280
2026-09-01,CORRIENTES,COLECTIVO,NO,1419978
2026-09-01,ENTRE RÍOS,COLECTIVO,NO,1857290
2026-09-01,FORMOSA,COLECTIVO,NO,262719
2026-09-01,JN,COLECTIVO,NO,1026014
2026-09-01,JN,COLECTIVO,SI,67834339
2026-09-01,JN,TREN,NO,16687
2026-09-01,JN,TREN,SI,19186776
2026-09-01,JUJUY,COLECTIVO,NO,4055890
2026-09-01,LA PAMPA,COLECTIVO,NO,173665
2026-09-01,MENDOZA,COLECTIVO,NO,13372398
2026-09-01,NEUQUÉN,COLECTIVO,NO,1363803
2026-09-01,RÍO NEGRO,COLECTIVO,NO,1048079
2026-09-01,SAN JUAN,COLECTIVO,NO,5516772
2026-09-01,SAN LUIS,COLECTIVO,NO,800879
2026-09-01,SANTA CRUZ,COLECTIVO,NO,173456
2026-09-01,SANTA FE,COLECTIVO,NO,10127541
2026-09-01,SANTIAGO DEL ESTERO,COLECTIVO,NO,66846
2026-09-01,TIERRA DEL FUEGO,COLECTIVO,NO,474787
2026-09-01,TUCUMAN,COLECTIVO,NO,1980833
