indice_tiempo,143.3_NO_PR_2004_A_21
2016-01-01,134.74645041349706
2016-02-01,134.2323610386252
2016-03-01,150.0878942366954
2016-04-01,153.25067436662908
2016-05-01,163.51360808690507
2016-06-01,153.66209524099784
2016-07-01,143.73110098180126
2016-08-01,143.6741026486049
2016-09-01,142.00773744282046
2016-10-01,141.1368632980814
2016-11-01,144.93832064073018
2016-12-01,142.59014516031914
2017-01-01,136.63265948316212
2017-02-01,132.15851633982274
2017-03-01,152.6209585590573
2017-04-01,151.94634480448738
2017-05-01,168.3892094693678
2017-06-01,161.03568546945232
2017-07-01,150.30605012392
2017-08-01,149.2553427738411
2017-09-01,146.38655965775385
2017-10-01,149.38594966601454
2017-11-01,151.92604285202697
2017-12-01,146.7833849092245
2018-01-01,142.74091260617223
2018-02-01,138.81804035165743
2018-03-01,155.85731953576973
2018-04-01,151.52454398394343
2018-05-01,159.5666923779167
2018-06-01,151.12576323345522
2018-07-01,145.9635244300046
2018-08-01,146.76596003413968
2018-09-01,137.746569718648
2018-10-01,142.8432759845676
2018-11-01,140.59240732533567
2018-12-01,136.25161596905636
2019-01-01,134.5362398566958
2019-02-01,132.2678886127366
2019-03-01,144.96325495574916
2019-04-01,149.9162214035227
2019-05-01,164.1356990759204
2019-06-01,150.85897174113128
2019-07-01,146.77702964007034
2019-08-01,141.27693468084036
2019-09-01,134.87706647993653
2019-10-01,141.6393366170138
2019-11-01,137.77182966933145
2019-12-01,135.76515452763502
2020-01-01,133.8910860895724
2020-02-01,128.97363874659823
2020-03-01,128.21106074025667
2020-04-01,113.29503444580156
2020-05-01,131.02956919734916
2020-06-01,132.52196526648777
2020-07-01,127.46368946979403
2020-08-01,125.18389375984655
2020-09-01,127.17507609335286
2020-10-01,131.34550189452798
2020-11-01,132.0686552529967
2020-12-01,133.85436559460618
2021-01-01,131.52153739731895
2021-02-01,126.2392669683642
2021-03-01,145.9569001036472
2021-04-01,147.2808440187596
2021-05-01,151.16932233874826
2021-06-01,148.97961710841247
2021-07-01,142.42591306035814
2021-08-01,140.97494072777735
2021-09-01,141.29608909028414
2021-10-01,139.5147586996789
2021-11-01,143.7518776188886
2021-12-01,147.2298783181341
2022-01-01,139.63796161228177
2022-02-01,137.8495135250759
2022-03-01,153.93085079425236
2022-04-01,157.66169217344412
2022-05-01,164.68936311408294
2022-06-01,161.45483428121688
2022-07-01,152.4453874358736
2022-08-01,151.4657389160671
2022-09-01,149.1743497052638
2022-10-01,146.55439616164583
2022-11-01,148.03049492950063
2022-12-01,146.1808063380422
2023-01-01,143.03462349513617
2023-02-01,137.26646276487486
2023-03-01,155.06501366861548
2023-04-01,150.05952685006818
2023-05-01,153.81085419210677
2023-06-01,152.59547604977195
2023-07-01,150.20312548725906
2023-08-01,151.92217936030693
2023-09-01,148.41237963226115
2023-10-01,147.5138130298927
2023-11-01,146.36635231698688
2023-12-01,139.34262727225266
2024-01-01,137.3733513104446
2024-02-01,133.4645058563633
2024-03-01,142.39572370020173
2024-04-01,147.25689959009534
2024-05-01,156.76909868641758
2024-06-01,147.35712222707485
2024-07-01,149.65170273202926
2024-08-01,147.28124857343758
2024-09-01,144.79669869183633
2024-10-01,148.10394119484172
2024-11-01,148.1787292147409
2024-12-01,148.67761603839233
2025-01-01,146.49668268147974
2025-02-01,141.40461912850864
2025-03-01,150.61008581723874
2025-04-01,158.93908938324
2025-05-01,165.07455518205356
2025-06-01,156.7892018243336
2025-07-01,153.77116990425543
2025-08-01,150.37619425875818
2025-09-01,151.70419952434997
2025-10-01,152.83405327528675
2025-11-01,147.96987570063345
2025-12-01,153.85227192618612
2026-01-01,149.48602043206023
2026-02-01,139.34303476491058
2026-03-01,160.23744803364747
2026-04-01,162.3029965582245
2026-05-01,166.26832998733488
2026-06-01,161.7041890303425
2026-07-01,151.5541509337364
