indice_tiempo,116.4_TCRZE_2015_D_36_4
2016-01-01,96.81814521927645
2016-02-01,107.63121369702236
2016-03-01,101.75083247402036
2016-04-01,95.34178988219308
2016-05-01,87.89586884870755
2016-06-01,94.95222550064588
2016-07-01,93.24368411177184
2016-08-01,92.69925286485068
2016-09-01,94.00965541316415
2016-10-01,90.48314576534284
2016-11-01,90.10033729511689
2016-12-01,90.2894888767258
2017-01-01,90.90274101939568
2017-02-01,87.43609167611272
2017-03-01,84.99272854579972
2017-04-01,82.91311667374498
2017-05-01,85.85722543566642
2017-06-01,87.57133239127667
2017-07-01,94.17827071155956
2017-08-01,91.84099117985772
2017-09-01,89.45191066095683
2017-10-01,88.56329560861359
2017-11-01,86.17746498546327
2017-12-01,90.70377485264405
2018-01-01,96.7930746875552
2018-02-01,96.29307238516238
2018-03-01,93.4938010989314
2018-04-01,91.23107747332854
2018-05-01,105.072715670125
2018-06-01,115.44741165560028
2018-07-01,107.85575807159567
2018-08-01,135.27389049886912
2018-09-01,142.6695088521001
2018-10-01,118.988023815508
2018-11-01,120.58232880736284
2018-12-01,117.68083698027432
2019-01-01,116.13031073668772
2019-02-01,117.13447952001025
2019-03-01,122.17151676699078
2019-04-01,120.36258908794734
2019-05-01,117.72114685689084
2019-06-01,110.57542549337292
2019-07-01,112.31064775478808
2019-08-01,140.9477861383227
2019-09-01,128.25815616686606
2019-10-01,130.94595066963151
2019-11-01,123.616726404487
2019-12-01,123.03156129916934
2020-01-01,118.94364750684932
2020-02-01,118.31835504578696
2020-03-01,111.75049144604532
2020-04-01,112.41815441659789
2020-05-01,113.85378278096942
2020-06-01,115.24473520152144
2020-07-01,120.31738790487138
2020-08-01,119.54716006153204
2020-09-01,117.71893158474096
2020-10-01,116.3231279978536
2020-11-01,120.71991996624013
2020-12-01,123.94571721628895
2021-01-01,121.88228729110328
2021-02-01,121.0317832406944
2021-03-01,116.8179208691799
2021-04-01,116.85603554524118
2021-05-01,117.28859654492432
2021-06-01,115.70239634540324
2021-07-01,113.20340648025145
2021-08-01,112.36645426469924
2021-09-01,107.07145366872068
2021-10-01,104.01018308380362
2021-11-01,102.7568218690318
2021-12-01,101.81803111385156
2022-01-01,102.11415941395197
2022-02-01,102.10670841124066
2022-03-01,102.0247417455826
2022-04-01,97.1390574299148
2022-05-01,98.29949228736002
2022-06-01,94.43699770040432
2022-07-01,92.0263909860791
2022-08-01,90.3990871633209
2022-09-01,87.79214750947735
2022-10-01,88.7083873984422
2022-11-01,91.48601137270003
2022-12-01,93.93953411428966
2023-01-01,96.21808625218388
2023-02-01,94.02410805403906
2023-03-01,94.21539247402136
2023-04-01,93.42623417994548
2023-05-01,91.73198836385772
2023-06-01,94.75482779031807
2023-07-01,96.94071402628298
2023-08-01,107.90619275293749
2023-09-01,94.009505292337
2023-10-01,86.20601793077589
2023-11-01,80.29639672030945
2023-12-01,145.70371210138555
2024-01-01,122.12268208540588
2024-02-01,110.59169093347444
2024-03-01,101.18373569592404
2024-04-01,93.54266161784264
2024-05-01,92.159827302059
2024-06-01,87.76026368872024
2024-07-01,86.75306686978175
2024-08-01,86.30678631631883
2024-09-01,85.89477510137439
2024-10-01,82.90378987439709
2024-11-01,80.59884101122285
2024-12-01,79.14809493645073
2025-01-01,80.89936288903846
2025-02-01,80.39242217906815
2025-03-01,79.65179070469247
2025-04-01,85.831419134852
2025-05-01,86.06238268398553
2025-06-01,88.48122322849818
2025-07-01,97.7403687117073
2025-08-01,95.6160900899166
2025-09-01,96.71871742909784
2025-10-01,97.98699632225748
2025-11-01,96.4956018727865
2025-12-01,94.34456274608344
