indice_tiempo,11.3_VMASD_2004_M_23
2016-01-01,113.98246730208685
2016-02-01,114.21741446409996
2016-03-01,130.5127723596349
2016-04-01,129.69255854445325
2016-05-01,132.09436471917738
2016-06-01,125.65678605027952
2016-07-01,127.0569761707612
2016-08-01,132.71595468858487
2016-09-01,135.53528819168034
2016-10-01,134.50620999950286
2016-11-01,138.35935223235452
2016-12-01,130.23504419549147
2017-01-01,112.79767423117862
2017-02-01,106.79708555073152
2017-03-01,130.7408598665095
2017-04-01,122.7044995649865
2017-05-01,133.95855966649935
2017-06-01,141.51558563667277
2017-07-01,134.67139265887818
2017-08-01,142.00931325781906
2017-09-01,138.0437427436166
2017-10-01,143.00063056651837
2017-11-01,145.22419444334022
2017-12-01,132.85984722356457
2018-01-01,116.91612257988122
2018-02-01,112.84132048842773
2018-03-01,133.2775281473699
2018-04-01,126.92521259893212
2018-05-01,132.8971186424711
2018-06-01,130.764322442843
2018-07-01,126.69519913772083
2018-08-01,135.05007757273418
2018-09-01,122.10301610478808
2018-10-01,132.12457232201723
2018-11-01,125.61743186954745
2018-12-01,112.98595128363004
2019-01-01,104.68365673103013
2019-02-01,103.94713143270178
2019-03-01,114.97590965519208
2019-04-01,115.9205402175479
2019-05-01,124.19559094419756
2019-06-01,121.49948339487436
2019-07-01,124.97872152432208
2019-08-01,125.63402242055092
2019-09-01,115.98558605583622
2019-10-01,129.67809693120154
2019-11-01,119.7182794912256
2019-12-01,114.1278913779461
2020-01-01,101.71476634222648
2020-02-01,102.30740993208126
2020-03-01,98.9645496204614
2020-04-01,78.01561127096952
2020-05-01,93.1049961359768
2020-06-01,113.41104164907487
2020-07-01,114.60883217305792
2020-08-01,114.39875196317637
2020-09-01,119.2529194675179
2020-10-01,127.43488896230404
2020-11-01,124.64921285715296
2020-12-01,118.550579057643
2021-01-01,106.25917619020568
2021-02-01,103.45540009199156
2021-03-01,129.5237310980323
2021-04-01,123.3167253252968
2021-05-01,122.08775205075086
2021-06-01,133.05255246432318
2021-07-01,129.64688192270165
2021-08-01,130.63503370176736
2021-09-01,131.99133095649626
2021-10-01,133.67928908098193
2021-11-01,137.74105366831273
2021-12-01,131.04457073314543
2022-01-01,105.56566239630448
2022-02-01,114.31190346263938
2022-03-01,134.5108294690881
2022-04-01,129.12816730822004
2022-05-01,135.36644813388816
2022-06-01,141.3961244351732
2022-07-01,137.47421249955016
2022-08-01,141.53560993284836
2022-09-01,137.27774266095517
2022-10-01,138.3119723681216
2022-11-01,139.74501413046593
2022-12-01,129.31124178982475
2023-01-01,113.63935094784206
2023-02-01,112.32182639174056
2023-03-01,139.01778213551626
2023-04-01,130.73051151922354
2023-05-01,134.75208504224818
2023-06-01,134.0229857410745
2023-07-01,133.66534940624396
2023-08-01,137.53861958604352
2023-09-01,133.0817362197774
2023-10-01,136.52023750744823
2023-11-01,132.74506100473502
2023-12-01,113.4762678232666
2024-01-01,100.69247142747804
2024-02-01,102.7149443040614
2024-03-01,111.1151899408215
2024-04-01,109.8170080844722
2024-05-01,114.79932938840268
2024-06-01,107.48906171550335
2024-07-01,126.19668795713169
2024-08-01,128.7014303345424
2024-09-01,124.8013663306414
2024-10-01,134.33710123003507
2024-11-01,130.81905949069474
2024-12-01,122.40586211001634
2025-01-01,106.91362417711214
2025-02-01,107.90734540885772
2025-03-01,115.94489567750328
2025-04-01,118.8762451656828
2025-05-01,121.16045245726588
2025-06-01,116.40672332781403
2025-07-01,124.8529081077739
2025-08-01,122.72490215930046
2025-09-01,123.86535162331408
2025-10-01,130.39940098937294
2025-11-01,120.13921727152892
2025-12-01,117.31991366603664
2026-01-01,104.2006660617906
2026-02-01,98.61520857107608
2026-03-01,121.93898700063951
2026-04-01,115.7820705778394
2026-05-01,114.3661288204209
2026-06-01,118.69578965569492
2026-07-01,119.13441155019324
