indice_tiempo,168.1_T_CAMBIOR_D_0_0_26
2016-01-01,13.98
2016-02-01,15.7
2016-03-01,14.8
2016-04-01,14.5
2016-05-01,14.2
2016-06-01,15.2
2016-07-01,15.2
2016-08-01,15.1
2016-09-01,15.5
2016-10-01,15.4
2016-11-01,16.1
2016-12-01,16.1
2017-01-01,16.1
2017-02-01,15.7
2017-03-01,15.55
2017-04-01,15.6
2017-05-01,16.3
2017-06-01,16.8
2017-07-01,17.85
2017-08-01,17.5
2017-09-01,17.5
2017-10-01,17.85
2017-11-01,17.5
2017-12-01,18.649
2018-01-01,19.65
2018-02-01,20.11
2018-03-01,20.149
2018-04-01,20.535
2018-05-01,24.96
2018-06-01,28.85
2018-07-01,27.41
2018-08-01,36.85
2018-09-01,41.25
2018-10-01,35.95
2018-11-01,37.72
2018-12-01,37.7
2019-01-01,37.35
2019-02-01,39.15
2019-03-01,43.345
2019-04-01,44.15
2019-05-01,44.76
2019-06-01,42.45
2019-07-01,43.87
2019-08-01,59.51
2019-09-01,57.595
2019-10-01,59.67
2019-11-01,59.94
2019-12-01,59.89
2020-01-01,60.35
2020-02-01,62.21
2020-03-01,64.469
2020-04-01,66.84
2020-05-01,68.54
2020-06-01,70.46
2020-07-01,72.32
2020-08-01,74.18
2020-09-01,76.18
2020-10-01,78.32
2020-11-01,81.31
2020-12-01,84.15
2021-01-01,87.33
2021-02-01,89.82
2021-03-01,92.0
2021-04-01,93.56
2021-05-01,94.56
2021-06-01,95.72
2021-07-01,96.69
2021-08-01,97.74
2021-09-01,98.74
2021-10-01,99.72
2021-11-01,100.96
2021-12-01,102.72
2022-01-01,105.02
2022-02-01,107.45
2022-03-01,111.01
2022-04-01,115.31
2022-05-01,120.2
2022-06-01,125.23
2022-07-01,131.27
2022-08-01,138.73
2022-09-01,147.32
2022-10-01,156.91
2022-11-01,167.28
2022-12-01,177.16
2023-01-01,187.0
2023-02-01,197.15
2023-03-01,209.01
2023-04-01,222.68
2023-05-01,239.5
2023-06-01,256.7
2023-07-01,275.25
2023-08-01,350.0
2023-09-01,349.9501
2023-10-01,350.0
2023-11-01,360.5
2023-12-01,828.25
2024-01-01,845.5
2024-02-01,861.0
2024-03-01,876.0
2024-04-01,896.0
2024-05-01,914.0
2024-06-01,930.5
2024-07-01,951.5
2024-08-01,972.0
2024-09-01,990.0
2024-10-01,1011.5
2024-11-01,1031.0
2024-12-01,1052.5
2025-01-01,1073.5
2025-02-01,1084.25
2025-03-01,1093.5
2025-04-01,1190.0
2025-05-01,1200.0
2025-06-01,1215.0
2025-07-01,1380.0
2025-08-01,1360.0
2025-09-01,1400.0
2025-10-01,1475.0
2025-11-01,1475.0
2025-12-01,1480.0
2026-01-01,1465.0
2026-02-01,1420.0
2026-03-01,1405.0
2026-04-01,1415.0
2026-05-01,1430.0
2026-06-01,1500.0
2026-07-01,1510.0
2026-08-01,1530.0
