indice_tiempo,89.2_TS_INTE_PM_0_D_16
2016-01-01,31.508064516129032
2016-02-01,30.591379310344823
2016-03-01,37.553225806451614
2016-04-01,38.0
2016-05-01,36.91935483870968
2016-06-01,32.675
2016-07-01,30.330645161290324
2016-08-01,29.451612903225808
2016-09-01,27.4
2016-10-01,26.75
2016-11-01,25.983333333333334
2016-12-01,24.75
2017-01-01,24.75
2017-02-01,24.75
2017-03-01,24.75
2017-04-01,25.7
2017-05-01,26.25
2017-06-01,26.25
2017-07-01,26.25
2017-08-01,26.25
2017-09-01,26.25
2017-10-01,26.588709677419356
2017-11-01,28.516666666666666
2017-12-01,28.75
2018-01-01,28.024193548387096
2018-02-01,27.25
2018-03-01,27.25
2018-04-01,27.65
2018-05-01,39.153225806451616
2018-06-01,40.0
2018-07-01,40.0
2018-08-01,44.03225806451613
2018-09-01,60.5
2018-10-01,71.83500000000001
2018-11-01,64.19643333333333
2018-12-01,59.40835483870968
2019-01-01,57.578677419354825
2019-02-01,47.721964285714286
2019-03-01,61.287354838709675
2019-04-01,68.3167
2019-05-01,71.92412903225807
2019-06-01,66.75963333333335
2019-07-01,59.558548387096764
2019-08-01,71.09525806451613
2019-09-01,83.32889999999999
2019-10-01,69.97106451612902
2019-11-01,63.688866666666655
2019-12-01,60.580774193548386
2020-01-01,51.903225806451616
2020-02-01,45.172413793103445
2020-03-01,38.58064516129032
2020-04-01,38.0
2020-05-01,38.0
2020-06-01,38.0
2020-07-01,38.0
2020-08-01,38.0
2020-09-01,38.0
2020-10-01,37.0
2020-11-01,36.93333333333333
2020-12-01,38.0
2021-01-01,38.0
2021-02-01,38.0
2021-03-01,38.0
2021-04-01,38.0
2021-05-01,38.0
2021-06-01,38.0
2021-07-01,38.0
2021-08-01,38.0
2021-09-01,38.0
2021-10-01,38.0
2021-11-01,38.0
2021-12-01,38.0
2022-01-01,39.67741935483871
2022-02-01,41.07142857142857
2022-03-01,43.145161290322584
2022-04-01,46.0
2022-05-01,48.29032258064516
2022-06-01,50.5
2022-07-01,53.03225806451613
2022-08-01,66.43548387096774
2022-09-01,72.43333333333334
2022-10-01,75.0
2022-11-01,75.0
2022-12-01,75.0
2023-01-01,75.0
2023-02-01,75.0
2023-03-01,76.54838709677419
2023-04-01,80.43333333333334
2023-05-01,94.29032258064517
2023-06-01,97.0
2023-07-01,97.0
2023-08-01,109.19354838709677
2023-09-01,118.0
2023-10-01,127.6774193548387
2023-11-01,133.0
2023-12-01,118.09677419354838
2024-01-01,100.0
2024-02-01,100.0
2024-03-01,87.09677419354838
2024-04-01,71.33333333333333
2024-05-01,44.516129032258064
2024-06-01,40.0
2024-07-01,40.0
2024-08-01,40.0
2024-09-01,40.0
2024-10-01,40.0
2024-11-01,35.0
2024-12-01,32.483870967741936
2025-01-01,31.903225806451612
2025-02-01,29.0
2025-03-01,29.0
2025-04-01,29.0
2025-05-01,29.0
2025-06-01,29.0
