indice_tiempo,155.2_TLTAL_S_0_0_5
2016-01-01,6574288.0
2016-04-01,6542140.0
2016-07-01,6531958.0
2016-10-01,6549573.0
2017-01-01,6575488.0
2017-04-01,6592079.0
2017-07-01,6627129.0
2017-10-01,6668757.0
2018-01-01,6682567.0
2018-04-01,6665029.0
2018-07-01,6615816.0
2018-10-01,6564732.0
2019-01-01,6534336.0
2019-04-01,6502306.0
2019-07-01,6471256.0
2019-10-01,6404473.0
2020-01-01,6340309.0
2020-04-01,6147035.0
2020-07-01,6132700.0
2020-10-01,6158863.0
2021-01-01,6205980.0
2021-04-01,6265492.0
2021-07-01,6297337.0
2021-10-01,6380674.0
2022-01-01,6472934.0
2022-04-01,6561756.0
2022-07-01,6630729.0
2022-10-01,6688485.0
2023-01-01,6751331.0
2023-04-01,6804986.0
2023-07-01,6837273.0
2023-10-01,6802989.0
2024-01-01,6727444.0
2024-04-01,6663106.0
2024-07-01,6654347.0
2024-10-01,6682625.0
2025-01-01,6689379.0
2025-04-01,6688895.0
2025-07-01,6654765.0
2025-10-01,6609142.0
