"event_date","discovery_context","discovery_page","link_text","payload_url","role_guess","payload_opened"
"","INDEX","https://rmk.ee/kuulutused/metsa-ja-puidu-muuk/","","https://rmk.ee/wp-content/uploads/2025/01/Edukad_17.06.2024.xlsx","RESULT","False"
"","INDEX","https://rmk.ee/kuulutused/metsa-ja-puidu-muuk/","","https://rmk.ee/wp-content/uploads/2025/01/Edukad_EP_01.04.2024.xlsx","RESULT","False"
"","INDEX","https://rmk.ee/kuulutused/metsa-ja-puidu-muuk/","","https://rmk.ee/wp-content/uploads/2025/01/Edukad_EP_03.05.2024.xlsx","RESULT","False"
"","INDEX","https://rmk.ee/kuulutused/metsa-ja-puidu-muuk/","","https://rmk.ee/wp-content/uploads/2025/01/Edukad_EP_05.07.2024.xlsx","RESULT","False"
"","INDEX","https://rmk.ee/kuulutused/metsa-ja-puidu-muuk/","","https://rmk.ee/wp-content/uploads/2025/01/Edukad_EP_20.02.2024.xlsx","RESULT","False"
"","INDEX","https://rmk.ee/kuulutused/metsa-ja-puidu-muuk/","","https://rmk.ee/wp-content/uploads/2025/01/Edukad_EP_23.12.2024.xlsx","RESULT","False"
"","INDEX","https://rmk.ee/kuulutused/metsa-ja-puidu-muuk/","","https://rmk.ee/wp-content/uploads/2025/01/Edukad_EP_30.09.2024.xlsx","RESULT","False"
"","INDEX","https://rmk.ee/kuulutused/metsa-ja-puidu-muuk/","","https://rmk.ee/wp-content/uploads/2025/01/Edukad_EP_30.10.2024.xlsx","RESULT","False"
"","INDEX","https://rmk.ee/kuulutused/metsa-ja-puidu-muuk/","","https://rmk.ee/wp-content/uploads/2025/01/Edukad_proto_ep_09.05.2024.pdf","RESULT","False"
"","INDEX","https://rmk.ee/kuulutused/metsa-ja-puidu-muuk/","","https://rmk.ee/wp-content/uploads/2025/01/RMK_02.11.2023_KL_edukad_pakkumised.xlsx","RESULT","False"
"","INDEX","https://rmk.ee/kuulutused/metsa-ja-puidu-muuk/","","https://rmk.ee/wp-content/uploads/2025/01/RMK_15.11.2024_KL_edukad.xlsx","RESULT","False"
"","INDEX","https://rmk.ee/kuulutused/metsa-ja-puidu-muuk/","","https://rmk.ee/wp-content/uploads/2025/01/RMK_2024_II_kv_KL_edukad_pakkumised.xlsx","RESULT","False"
"","INDEX","https://rmk.ee/kuulutused/metsa-ja-puidu-muuk/","","https://rmk.ee/wp-content/uploads/2025/01/RMK_2024_III_kv_KL_edukad_pakkumised.xlsx","RESULT","False"
"","INDEX","https://rmk.ee/kuulutused/metsa-ja-puidu-muuk/","","https://rmk.ee/wp-content/uploads/2025/01/RMK_2024_IV_kv_-tarneperiood_KL_edukad.xlsx","RESULT","False"
"","INDEX","https://rmk.ee/kuulutused/metsa-ja-puidu-muuk/","","https://rmk.ee/wp-content/uploads/2025/03/Edukad_EP_20.03.2025.xlsx","RESULT","False"
"","INDEX","https://rmk.ee/kuulutused/metsa-ja-puidu-muuk/","","https://rmk.ee/wp-content/uploads/2025/03/EdukadEP_26.02.2025.xlsx","RESULT","False"
"","INDEX","https://rmk.ee/kuulutused/metsa-ja-puidu-muuk/","","https://rmk.ee/wp-content/uploads/2025/03/KL_virnmaterjali_edukad_2025_II_kvartal.xlsx","RESULT","False"
"","INDEX","https://rmk.ee/kuulutused/metsa-ja-puidu-muuk/","","https://rmk.ee/wp-content/uploads/2025/04/Edukad_KLH_24.04.2025.xlsx","RESULT","False"
"","INDEX","https://rmk.ee/kuulutused/metsa-ja-puidu-muuk/","","https://rmk.ee/wp-content/uploads/2025/05/Edukad_EP06.05.2025.xlsx","RESULT","False"
"","INDEX","https://rmk.ee/kuulutused/metsa-ja-puidu-muuk/","","https://rmk.ee/wp-content/uploads/2025/05/Edukad_KLH_16.05.2025.xlsx","RESULT","False"
"","INDEX","https://rmk.ee/kuulutused/metsa-ja-puidu-muuk/","","https://rmk.ee/wp-content/uploads/2025/05/Edukad_KLH06.05.2025.xlsx","RESULT","False"
"","INDEX","https://rmk.ee/kuulutused/metsa-ja-puidu-muuk/","","https://rmk.ee/wp-content/uploads/2025/06/Edukad_EP_26.06.2025.xlsx","RESULT","False"
"","INDEX","https://rmk.ee/kuulutused/metsa-ja-puidu-muuk/","","https://rmk.ee/wp-content/uploads/2025/06/KL_edukad_2025_III_kv.xlsx","RESULT","False"
"","INDEX","https://rmk.ee/kuulutused/metsa-ja-puidu-muuk/","","https://rmk.ee/wp-content/uploads/2025/08/Edukad_EP_22.08.2025.xlsx","RESULT","False"
"","INDEX","https://rmk.ee/kuulutused/metsa-ja-puidu-muuk/","","https://rmk.ee/wp-content/uploads/2025/09/RMK_KL_edukad_2025_IV_kv.xlsx","RESULT","False"
"","INDEX","https://rmk.ee/kuulutused/metsa-ja-puidu-muuk/","","https://rmk.ee/wp-content/uploads/2025/10/Edukad_21.10.2025.xlsx","RESULT","False"
"","INDEX","https://rmk.ee/kuulutused/metsa-ja-puidu-muuk/","","https://rmk.ee/wp-content/uploads/2025/10/Edukad_29.10.2025.xlsx","RESULT","False"
"","INDEX","https://rmk.ee/kuulutused/metsa-ja-puidu-muuk/","","https://rmk.ee/wp-content/uploads/2025/10/Edukad_EP_07.10.2025_II.xlsx","RESULT","False"
"","INDEX","https://rmk.ee/kuulutused/metsa-ja-puidu-muuk/","","https://rmk.ee/wp-content/uploads/2025/11/Edukad-EP-29.10.2025.xlsx","RESULT","False"
"","INDEX","https://rmk.ee/kuulutused/metsa-ja-puidu-muuk/","","https://rmk.ee/wp-content/uploads/2025/12/Edukad_EP_05.12.2025.xlsx","RESULT","False"
"","INDEX","https://rmk.ee/kuulutused/metsa-ja-puidu-muuk/","","https://rmk.ee/wp-content/uploads/2025/12/Edukad_EP_22.12.2025.xlsx","RESULT","False"
"","INDEX","https://rmk.ee/kuulutused/metsa-ja-puidu-muuk/","","https://rmk.ee/wp-content/uploads/2025/12/Edukad_EP_28.11.2025.xlsx","RESULT","False"
"","INDEX","https://rmk.ee/kuulutused/metsa-ja-puidu-muuk/","","https://rmk.ee/wp-content/uploads/2025/12/RMK_2026_I_periood_KL_edukad.xlsx","RESULT","False"
"","INDEX","https://rmk.ee/kuulutused/metsa-ja-puidu-muuk/","","https://rmk.ee/wp-content/uploads/2026/03/Edukad_EP__23.02.2026-.xlsx","RESULT","False"
"","INDEX","https://rmk.ee/kuulutused/metsa-ja-puidu-muuk/","","https://rmk.ee/wp-content/uploads/2026/03/KL_virnmaterjal_edukad_2026_II_kvartal.xlsx","RESULT","False"
"","INDEX","https://rmk.ee/kuulutused/metsa-ja-puidu-muuk/","","https://rmk.ee/wp-content/uploads/2026/05/Edukad_EP_28.05.2026.xlsx","RESULT","False"
"","INDEX","https://rmk.ee/kuulutused/metsa-ja-puidu-muuk/","","https://rmk.ee/wp-content/uploads/2026/05/Edukad_hake_EP_28.05.2026.xlsx","RESULT","False"
"","INDEX","https://rmk.ee/kuulutused/metsa-ja-puidu-muuk/","","https://rmk.ee/wp-content/uploads/2026/05/Edukad-EP-28.04.2026.xlsx","RESULT","False"
"","INDEX","https://rmk.ee/kuulutused/metsa-ja-puidu-muuk/","","https://rmk.ee/wp-content/uploads/2026/07/Edukad_EP_30.06.2026.xlsx","RESULT","False"
"","INDEX","https://rmk.ee/kuulutused/metsa-ja-puidu-muuk/","","https://rmk.ee/wp-content/uploads/2026/07/RMK_2026_III_KL_edukad.xlsx","RESULT","False"
"","REFERENCE","https://rmk.ee/spetsialist/puidu-muuk/muugikalender/","","https://rmk.ee/wp-content/uploads/2026/02/kk_veohinnad-myygiotsuste_kaalumiseks_26-01-19.pdf","PAYLOAD_ROLE_UNRESOLVED","False"
"","REFERENCE","https://rmk.ee/spetsialist/puidu-muuk/muugikalender/","","https://rmk.ee/wp-content/uploads/2026/02/veokaugused-2026.xlsx","NORMALIZATION_REFERENCE","False"
"","REFERENCE","https://rmk.ee/spetsialist/puidu-muuk/muugikalender/","","https://rmk.ee/wp-content/uploads/2026/05/kk_sadamahinnad_myygiotsuste_kaalumiseks_20-04-2026.pdf","PAYLOAD_ROLE_UNRESOLVED","False"
"","REFERENCE","https://rmk.ee/spetsialist/puidu-muuk/puidumuugi-pohimotted/","","https://rmk.ee/wp-content/uploads/2024/09/RMK_myygi_tyyptingimused_2024.pdf","PAYLOAD_ROLE_UNRESOLVED","False"
"","REFERENCE","https://rmk.ee/spetsialist/puidu-muuk/puidumuugi-pohimotted/","","https://rmk.ee/wp-content/uploads/2024/09/rmk_palkide_standard_06.10.2022.pdf","PAYLOAD_ROLE_UNRESOLVED","False"
"","REFERENCE","https://rmk.ee/spetsialist/puidu-muuk/puidumuugi-pohimotted/","","https://rmk.ee/wp-content/uploads/2024/09/Virnmaterjalide_standard_2023-11-10.pdf","PAYLOAD_ROLE_UNRESOLVED","False"
"","REFERENCE","https://rmk.ee/spetsialist/puidu-muuk/puidumuugi-pohimotted/","","https://rmk.ee/wp-content/uploads/2026/07/Metsamaterjali-hinnastatistika-2026.xlsx","NORMALIZATION_REFERENCE","False"
"2024-05-08","EVENT","https://rmk.ee/kuulutused/metsa-ja-puidu-muuk/08-05-2024/","","https://rmk.ee/wp-content/uploads/2024/09/RMK_myygi_tyyptingimused_2024.pdf","PAYLOAD_ROLE_UNRESOLVED","False"
"2025-02-26","EVENT","https://rmk.ee/kuulutused/metsa-ja-puidu-muuk/26-02-2025/","","https://rmk.ee/wp-content/uploads/2024/09/rmk_palkide_standard_06.10.2022.pdf","PAYLOAD_ROLE_UNRESOLVED","False"
"2025-02-26","EVENT","https://rmk.ee/kuulutused/metsa-ja-puidu-muuk/26-02-2025/","","https://rmk.ee/wp-content/uploads/2024/09/Virnmaterjalide_standard_2023-11-10.pdf","PAYLOAD_ROLE_UNRESOLVED","False"
"2025-02-26","EVENT","https://rmk.ee/kuulutused/metsa-ja-puidu-muuk/26-02-2025/","","https://rmk.ee/wp-content/uploads/2025/02/Myygiobjektid_EP_26.02.2025.xlsx","OFFER_OR_FORM","False"
"2025-03-20","EVENT","https://rmk.ee/kuulutused/metsa-ja-puidu-muuk/20-03-2025/","","https://rmk.ee/wp-content/uploads/2025/03/EP_objektid_pakkumuse-vorm_hakkpuit_25.03.20.xlsx","OFFER_OR_FORM","False"
"2025-04-24","EVENT","https://rmk.ee/kuulutused/metsa-ja-puidu-muuk/24-04-2025/","","https://rmk.ee/wp-content/uploads/2024/09/rmk_palkide_standard_06.10.2022.pdf","PAYLOAD_ROLE_UNRESOLVED","False"
"2025-04-24","EVENT","https://rmk.ee/kuulutused/metsa-ja-puidu-muuk/24-04-2025/","","https://rmk.ee/wp-content/uploads/2024/09/Virnmaterjalide_standard_2023-11-10.pdf","PAYLOAD_ROLE_UNRESOLVED","False"
"2025-04-24","EVENT","https://rmk.ee/kuulutused/metsa-ja-puidu-muuk/24-04-2025/","","https://rmk.ee/wp-content/uploads/2025/04/Myygiobjektid_KLH_24.04.2025.xlsx","OFFER_OR_FORM","False"
"2025-05-06","EVENT","https://rmk.ee/kuulutused/metsa-ja-puidu-muuk/06-05-2025/","","https://rmk.ee/wp-content/uploads/2024/09/Virnmaterjalide_standard_2023-11-10.pdf","PAYLOAD_ROLE_UNRESOLVED","False"
"2025-05-06","EVENT","https://rmk.ee/kuulutused/metsa-ja-puidu-muuk/06-05-2025/","","https://rmk.ee/wp-content/uploads/2025/04/Myygiobjektid_EP_06.05.2025.xlsx","OFFER_OR_FORM","False"
"2025-06-26","EVENT","https://rmk.ee/kuulutused/metsa-ja-puidu-muuk/26-06-2025/","","https://rmk.ee/wp-content/uploads/2025/06/Myygiobjektid_EP_26.06.2025.xlsx","OFFER_OR_FORM","False"
"2025-08-22","EVENT","https://rmk.ee/kuulutused/metsa-ja-puidu-muuk/22-08-2025/","","https://rmk.ee/wp-content/uploads/2024/09/Virnmaterjalide_standard_2023-11-10.pdf","PAYLOAD_ROLE_UNRESOLVED","False"
"2025-08-22","EVENT","https://rmk.ee/kuulutused/metsa-ja-puidu-muuk/22-08-2025/","","https://rmk.ee/wp-content/uploads/2025/08/Myygiobjektid_EP_22.08.2025.xlsx","OFFER_OR_FORM","False"
"2025-10-07","EVENT","https://rmk.ee/kuulutused/metsa-ja-puidu-muuk/07-10-2025/","","https://rmk.ee/wp-content/uploads/2024/09/Virnmaterjalide_standard_2023-11-10.pdf","PAYLOAD_ROLE_UNRESOLVED","False"
"2025-10-07","EVENT","https://rmk.ee/kuulutused/metsa-ja-puidu-muuk/07-10-2025/","","https://rmk.ee/wp-content/uploads/2025/09/Myygiobjektid_EP_07.10.2025.xlsx","OFFER_OR_FORM","False"
"2025-10-21","EVENT","https://rmk.ee/kuulutused/metsa-ja-puidu-muuk/21-10-2025/","","https://rmk.ee/wp-content/uploads/2024/09/Virnmaterjalide_standard_2023-11-10.pdf","PAYLOAD_ROLE_UNRESOLVED","False"
"2025-10-21","EVENT","https://rmk.ee/kuulutused/metsa-ja-puidu-muuk/21-10-2025/","","https://rmk.ee/wp-content/uploads/2025/10/Myygiobjektid_21.10.2025.xlsx","OFFER_OR_FORM","False"
"2025-10-29","EVENT","https://rmk.ee/kuulutused/metsa-ja-puidu-muuk/29-10-2025/","","https://rmk.ee/wp-content/uploads/2024/09/rmk_palkide_standard_06.10.2022.pdf","PAYLOAD_ROLE_UNRESOLVED","False"
"2025-10-29","EVENT","https://rmk.ee/kuulutused/metsa-ja-puidu-muuk/29-10-2025/","","https://rmk.ee/wp-content/uploads/2024/09/Virnmaterjalide_standard_2023-11-10.pdf","PAYLOAD_ROLE_UNRESOLVED","False"
"2025-10-29","EVENT","https://rmk.ee/kuulutused/metsa-ja-puidu-muuk/29-10-2025/","","https://rmk.ee/wp-content/uploads/2025/10/Myygiobjektid_EP_29.10.2025.xlsx","OFFER_OR_FORM","False"
"2025-11-28","EVENT","https://rmk.ee/kuulutused/metsa-ja-puidu-muuk/28-11-2025/","","https://rmk.ee/wp-content/uploads/2025/11/EP_objektid_pakkumuse-vorm_hakkpuit_28.11.2025.xlsx","OFFER_OR_FORM","False"
"2025-12-05","EVENT","https://rmk.ee/kuulutused/metsa-ja-puidu-muuk/05-12-2025/","","https://rmk.ee/wp-content/uploads/2024/09/rmk_palkide_standard_06.10.2022.pdf","PAYLOAD_ROLE_UNRESOLVED","False"
"2025-12-05","EVENT","https://rmk.ee/kuulutused/metsa-ja-puidu-muuk/05-12-2025/","","https://rmk.ee/wp-content/uploads/2024/09/Virnmaterjalide_standard_2023-11-10.pdf","PAYLOAD_ROLE_UNRESOLVED","False"
"2025-12-05","EVENT","https://rmk.ee/kuulutused/metsa-ja-puidu-muuk/05-12-2025/","","https://rmk.ee/wp-content/uploads/2025/11/Myygiobjektid_EP_05.12.2025.xlsx","OFFER_OR_FORM","False"
"2025-12-22","EVENT","https://rmk.ee/kuulutused/metsa-ja-puidu-muuk/22-12-2025/","","https://rmk.ee/wp-content/uploads/2024/09/Virnmaterjalide_standard_2023-11-10.pdf","PAYLOAD_ROLE_UNRESOLVED","False"
"2025-12-22","EVENT","https://rmk.ee/kuulutused/metsa-ja-puidu-muuk/22-12-2025/","","https://rmk.ee/wp-content/uploads/2025/12/Myygiobjektid_EP_22.12.2025.xlsx","OFFER_OR_FORM","False"
"2026-02-23","EVENT","https://rmk.ee/kuulutused/metsa-ja-puidu-muuk/23-02-2026/","","https://rmk.ee/wp-content/uploads/2024/09/Virnmaterjalide_standard_2023-11-10.pdf","PAYLOAD_ROLE_UNRESOLVED","False"
"2026-02-23","EVENT","https://rmk.ee/kuulutused/metsa-ja-puidu-muuk/23-02-2026/","","https://rmk.ee/wp-content/uploads/2026/02/Muugiobjektid_EP_23.02.2026.xlsx","PAYLOAD_ROLE_UNRESOLVED","False"
"2026-05-28","EVENT","https://rmk.ee/kuulutused/metsa-ja-puidu-muuk/28-05-2026/","","https://rmk.ee/wp-content/uploads/2024/09/rmk_palkide_standard_06.10.2022.pdf","PAYLOAD_ROLE_UNRESOLVED","False"
"2026-05-28","EVENT","https://rmk.ee/kuulutused/metsa-ja-puidu-muuk/28-05-2026/","","https://rmk.ee/wp-content/uploads/2024/09/Virnmaterjalide_standard_2023-11-10.pdf","PAYLOAD_ROLE_UNRESOLVED","False"
"2026-05-28","EVENT","https://rmk.ee/kuulutused/metsa-ja-puidu-muuk/28-05-2026/","","https://rmk.ee/wp-content/uploads/2026/05/Myygiobjektid_28_05_2026.xlsx","OFFER_OR_FORM","False"
"2026-06-30","EVENT","https://rmk.ee/kuulutused/metsa-ja-puidu-muuk/30-06-2026/","","https://rmk.ee/wp-content/uploads/2024/09/Virnmaterjalide_standard_2023-11-10.pdf","PAYLOAD_ROLE_UNRESOLVED","False"
"2026-06-30","EVENT","https://rmk.ee/kuulutused/metsa-ja-puidu-muuk/30-06-2026/","","https://rmk.ee/wp-content/uploads/2026/06/Myygiobjektid_30.06.2026.xlsx","OFFER_OR_FORM","False"
"2026-08-26","EVENT","https://rmk.ee/kuulutused/metsa-ja-puidu-muuk/26-08-2026/","","https://rmk.ee/wp-content/uploads/2024/09/rmk_palkide_standard_06.10.2022.pdf","PAYLOAD_ROLE_UNRESOLVED","False"
"2026-08-26","EVENT","https://rmk.ee/kuulutused/metsa-ja-puidu-muuk/26-08-2026/","","https://rmk.ee/wp-content/uploads/2026/08/Myygiobjektid_EP_26.08.2026.xlsx","OFFER_OR_FORM","False"
